Unnamed: 0,Id,Country,HDI Rank,HDI,Life expectancy,Mean years of schooling,Gross national income (GNI) per capita,Expected years of schooling,ISO3,Human Development Groups,UNDP Developing Regions,Human Development Index (1990),Human Development Index (1991),Human Development Index (1992),Human Development Index (1993),Human Development Index (1994),Human Development Index (1995),Human Development Index (1996),Human Development Index (1997),Human Development Index (1998),Human Development Index (1999),Human Development Index (2000),Human Development Index (2001),Human Development Index (2002),Human Development Index (2003),Human Development Index (2004),Human Development Index (2005),Human Development Index (2006),Human Development Index (2007),Human Development Index (2008),Human Development Index (2009),Human Development Index (2010),Human Development Index (2011),Human Development Index (2012),Human Development Index (2013),Human Development Index (2014),Human Development Index (2015),Human Development Index (2016),Human Development Index (2017),Human Development Index (2018),Human Development Index (2019),Human Development Index (2020),Life Expectancy at Birth (1990),Life Expectancy at Birth (1991),Life Expectancy at Birth (1992),Life Expectancy at Birth (1993),Life Expectancy at Birth (1994),Life Expectancy at Birth (1995),Life Expectancy at Birth (1996),Life Expectancy at Birth (1997),Life Expectancy at Birth (1998),Life Expectancy at Birth (1999),Life Expectancy at Birth (2000),Life Expectancy at Birth (2001),Life Expectancy at Birth (2002),Life Expectancy at Birth (2003),Life Expectancy at Birth (2004),Life Expectancy at Birth (2005),Life Expectancy at Birth (2006),Life Expectancy at Birth (2007),Life Expectancy at Birth (2008),Life Expectancy at Birth (2009),Life Expectancy at Birth (2010),Life Expectancy at Birth (2011),Life Expectancy at Birth (2012),Life Expectancy at Birth (2013),Internet users,Life Expectancy at Birth (2014),Life Expectancy at Birth (2015),Life Expectancy at Birth (2016),Life Expectancy at Birth (2017),Life Expectancy at Birth (2018),Life Expectancy at Birth (2019),Life Expectancy at Birth (2020),Expected Years of Schooling (1990),Expected Years of Schooling (1991),Expected Years of Schooling (1992),Expected Years of Schooling (1993),Expected Years of Schooling (1994),Expected Years of Schooling (1995),Expected Years of Schooling (1996)
0,1,Afghanistan,180.0,0.478,61.9824,2.98506999,1824.190915,10.26384398,AFG,Low,SA,0.273,0.279,0.287,0.297,0.292,0.31,0.319,0.323,0.324,0.332,0.335,0.337,0.362,0.376,0.392,0.4,0.409,0.424,0.43,0.44,0.448,0.456,0.466,0.474,0.479,0.478,0.481,0.482,0.483,0.488,0.483,45.9672,46.6631,47.5955,51.4664,51.4945,52.5442,53.2433,53.6342,52.9431,54.8464,55.2978,55.7981,56.4538,57.3445,57.9436,58.3608,58.6844,59.1113,59.8515,60.3636,60.8508,61.4191,61.923,62.4167,45.5,62.5451,62.6587,63.1361,63.016,63.081,63.5645,62.5751,2.504050016,2.806550026,3.109050035,3.411550045,3.714050055,4.016550064,4.319050074
1,2,Angola,148.0,0.586,61.6434,5.417390823,5465.617791,12.1721,AGO,Medium,SSA,,,,,,,,,,0.364,0.375,0.386,0.403,0.42,0.433,0.447,0.459,0.475,0.486,0.5,0.51,0.526,0.541,0.552,0.563,0.582,0.596,0.597,0.595,0.595,0.59,41.8933,43.8127,42.2088,42.1009,43.4217,45.8491,46.0329,46.3065,45.057,45.3858,46.0236,46.5905,47.3865,49.6173,50.592,51.5699,52.3688,53.6419,54.6327,55.7516,56.7258,57.5961,58.6231,59.3074,52.0,60.0397,60.6546,61.0923,61.6798,62.1438,62.4484,62.2612,3.537480116,3.324830055,3.30208993,3.38586994,3.469649951,3.553429961,3.637209972
2,3,Albania,67.0,0.796,76.4626,11.28645502,14131.11039,14.44799995,ALB,High,ECA,0.647,0.629,0.614,0.617,0.624,0.634,0.645,0.642,0.657,0.669,0.677,0.684,0.689,0.696,0.7,0.711,0.718,0.73,0.736,0.741,0.754,0.766,0.778,0.785,0.792,0.795,0.798,0.802,0.806,0.81,0.794,73.1439,73.3776,73.7148,73.9391,74.1313,74.3616,74.5923,73.9039,74.9899,75.1828,75.4043,75.6388,75.8899,76.1421,76.3761,76.6208,76.8162,77.5491,77.6529,77.781,77.9359,78.0919,78.064,78.1226,74.9,78.4075,78.6441,78.8602,79.0473,79.1838,79.2825,76.9893,11.60293007,11.76358032,10.66378021,10.12650013,10.09115028,10.16617012,10.22844982
3,4,Andorra,40.0,0.858,80.3684,10.55511952,51166.62661,13.30023874,AND,Very High,,,,,,,,,,,,0.818,0.825,0.832,0.841,0.833,0.833,0.848,0.847,0.85,0.848,0.848,0.849,0.869,0.864,0.871,0.867,0.871,0.868,0.872,0.873,0.848,78.4063,77.9805,80.3241,78.6633,82.638,78.9616,80.334,80.9439,79.4259,81.3173,80.9193,81.6857,82.2368,83.9209,80.0836,81.7599,82.9664,82.6594,82.6982,82.752,82.8156,82.8975,82.9166,82.9343,84.8,82.9483,82.9534,82.9671,82.9803,82.9923,83.0039,79.0234,10.79878,10.79878,10.79878,10.79878,10.79878,10.79878,10.79878
4,5,United Arab Emirates,26.0,0.911,78.7104,12.69402981,62573.59181,15.71769047,ARE,Very High,AS,0.728,0.739,0.742,0.748,0.755,0.762,0.767,0.773,0.779,0.787,0.796,0.8,0.804,0.814,0.818,0.822,0.827,0.831,0.834,0.833,0.835,0.84,0.846,0.852,0.859,0.865,0.87,0.897,0.909,0.92,0.912,71.9004,72.2414,72.3062,72.5213,72.5982,72.6945,72.7674,72.9367,73.0658,73.6697,74.38,74.6356,74.901,76.2223,76.4532,76.6825,76.9087,77.1289,77.4877,78.003,78.3335,78.5168,78.7155,78.8528,80.8,79.0442,79.2232,79.3347,79.5036,79.6274,79.7262,78.9457,10.47455978,10.8223896,10.65937996,10.68766022,10.80651457,10.92536893,11.04422329
5,6,Argentina,47.0,0.842,75.3899,11.14726927,20925.26814,17.8748703,ARG,Very High,LAC,0.723,0.73,0.735,0.739,0.744,0.745,0.751,0.756,0.762,0.773,0.779,0.784,0.785,0.793,0.798,0.802,0.814,0.817,0.825,0.827,0.834,0.841,0.843,0.845,0.846,0.848,0.847,0.851,0.85,0.852,0.84,71.7837,72.319,72.4295,72.5646,73.1725,73.1333,73.3066,73.0899,73.4737,73.7219,73.926,74.1864,74.408,74.0801,74.8549,75.1388,75.4326,75.0057,75.6411,75.9359,75.7208,76.124,76.4669,76.4908,74.6,76.7549,76.7602,76.3077,76.833,76.9994,77.2845,75.8921,13.28104085,13.23573971,13.19059308,13.14544646,13.10029984,13.30911493,13.51793003
6,7,Armenia,85.0,0.759,72.0431,11.33030033,13157.9939,13.11676025,ARM,High,ECA,0.656,0.649,0.618,0.616,0.62,0.627,0.632,0.641,0.654,0.657,0.662,0.666,0.676,0.686,0.694,0.707,0.721,0.738,0.742,0.741,0.746,0.75,0.755,0.76,0.764,0.766,0.765,0.768,0.771,0.778,0.757,68.8209,68.6431,68.6266,68.8415,69.0725,69.3108,69.7828,69.9098,70.5142,70.2565,70.6236,70.932,71.0179,71.4356,71.4205,71.7922,71.9868,72.3271,72.3985,72.8125,73.1597,73.3045,73.454,73.6759,76.2,74.0577,74.4361,74.6639,74.9059,75.0645,75.4386,72.173,10.92731277,10.84545994,10.76422024,10.92055035,10.6141901,10.39615488,10.17811966
7,8,Antigua and Barbuda,71.0,0.788,78.4968,9.293740746,16792.36595,14.18462641,ATG,High,LAC,,,,,,,,,,,,,,,,,,0.802,0.801,0.795,0.79,0.783,0.787,0.787,0.789,0.791,0.794,0.795,0.798,0.8,0.788,73.4922,73.4354,73.4168,73.4819,73.5912,73.6363,73.8291,73.9603,74.0413,74.3467,74.6058,75.0781,75.5357,75.4778,75.6721,75.8254,75.7647,76.1311,76.4103,76.6694,76.8195,77.1038,77.3502,77.5834,74.8,77.8577,77.9127,78.1516,78.2683,78.5112,78.6912,78.8406,,,,,,,
8,9,Australia,5.0,0.951,84.5265,12.72681999,49238.43335,21.05459023,AUS,Very High,,0.865,0.867,0.869,0.873,0.873,0.882,0.884,0.887,0.891,0.894,0.896,0.9,0.902,0.906,0.908,0.911,0.914,0.915,0.919,0.921,0.923,0.926,0.93,0.929,0.931,0.933,0.935,0.937,0.941,0.941,0.947,77.0443,77.4831,77.4765,78.0098,77.8558,78.2619,78.3492,78.6317,79.0275,79.2855,79.6309,80.0165,80.0639,80.4549,80.7512,81.1126,81.2822,81.2603,81.4589,81.7661,82.055,82.1336,82.3456,82.6041,83.2,82.5677,82.6552,82.8707,83.0006,83.3871,83.11,84.3239,17.5350793,17.50559003,17.47615035,17.44676018,17.41741943,18.93136978,19.49362946
9,10,Austria,25.0,0.916,81.5797,12.25669003,53618.67138,16.00795937,AUT,Very High,,0.825,0.829,0.835,0.84,0.845,0.849,0.853,0.857,0.863,0.866,0.871,0.876,0.879,0.881,0.886,0.889,0.893,0.896,0.898,0.898,0.902,0.905,0.906,0.905,0.909,0.91,0.915,0.916,0.917,0.919,0.913,75.7396,75.7931,75.9931,76.2258,76.5425,76.7766,77.0268,77.4292,77.7833,77.956,78.2358,78.7192,78.8469,78.8496,79.3632,79.521,79.9655,80.1672,80.3639,80.207,80.4643,80.8285,80.841,81.0783,85.2,81.3903,81.1594,81.5925,81.6391,81.6862,81.9077,81.5036,13.93255997,14.12351036,14.42138958,14.62442017,14.75572014,14.87022972,14.92243004
10,11,Azerbaijan,91.0,0.745,69.3658,10.5429697,14256.74456,13.49689007,AZE,High,ECA,,,,,,0.59,0.59,0.594,0.604,0.615,0.622,0.632,0.642,0.651,0.659,0.672,0.692,0.706,0.716,0.722,0.727,0.729,0.734,0.741,0.745,0.748,0.75,0.753,0.757,0.761,0.73,62.3522,62.0524,61.2956,61.2856,61.5941,62.3052,62.6217,62.9728,63.5609,64.1892,64.8905,65.5101,66.2392,66.7563,67.3461,67.5619,68.1653,68.6032,68.8112,69.3556,69.5291,69.9835,70.3598,70.8814,64.7,71.1163,71.4512,72.0039,72.2478,72.7601,73.1023,66.8679,11.0690403,11.00049019,11.03785992,10.8030901,10.44034004,10.23556995,9.938559532
11,12,Burundi,187.0,0.426,61.6627,3.129266883,731.7867086,10.72272189,BDI,Low,SSA,0.29,0.292,0.289,0.26,0.29,0.286,0.283,0.287,0.294,0.296,0.297,0.299,0.311,0.319,0.33,0.338,0.36,0.372,0.386,0.395,0.405,0.41,0.416,0.421,0.426,0.428,0.43,0.428,0.428,0.431,0.426,44.8599,44.2265,43.8951,37.105,44.0802,44.0593,44.3734,45.3874,46.5522,47.5278,47.5142,48.4314,49.8911,50.857,52.0101,53.0231,53.8694,54.7265,55.7101,56.3882,57.0809,57.7692,58.4927,59.2346,36.0,59.8684,60.2172,60.7931,61.5526,61.6884,62.3514,61.5663,4.517509937,4.67140007,4.496829987,4.789209843,4.751546085,4.713882327,4.676218569
12,13,Belgium,13.0,0.937,81.8787,12.37567997,52293.39977,19.60421944,BEL,Very High,,0.816,0.819,0.835,0.85,0.858,0.865,0.871,0.876,0.878,0.882,0.887,0.89,0.892,0.895,0.9,0.902,0.905,0.908,0.908,0.91,0.912,0.914,0.915,0.916,0.921,0.924,0.927,0.931,0.933,0.936,0.928,76.0554,76.1962,76.3554,76.3611,76.7142,76.8385,77.1825,77.4004,77.4743,77.6457,77.7665,78.0807,78.1667,78.3198,78.9599,79.0526,79.3884,79.5262,79.5769,79.847,80.033,80.3649,80.2607,80.468,85.5,81.0811,80.8898,81.2661,81.3618,81.4787,81.8311,80.7884,14.03106022,14.07164955,15.30761433,16.5435791,16.8515892,17.26285934,17.59056091
13,14,Benin,166.0,0.525,59.821,4.304786445,3408.965923,10.76667976,BEN,Low,SSA,0.359,0.364,0.369,0.375,0.38,0.386,0.391,0.397,0.402,0.409,0.416,0.428,0.436,0.443,0.45,0.457,0.464,0.472,0.48,0.486,0.492,0.499,0.509,0.52,0.524,0.529,0.53,0.53,0.53,0.53,0.524,53.2918,53.6238,54.089,54.5366,54.9104,55.2947,55.5578,55.978,56.2177,56.5256,56.5779,56.6604,56.6064,56.7378,56.8257,57.1252,57.4555,57.6752,57.8689,57.9557,58.3627,58.4624,58.7159,58.9654,37.7,59.1249,59.3771,59.5394,59.8558,60.1403,60.4537,60.088,5.29268,5.412683333,5.532686667,5.65269,5.772693333,5.892696667,6.0127
14,15,Burkina Faso,184.0,0.449,59.2696,2.114962259,2117.915916,9.142100334,BFA,Low,SSA,,,,,,,,,,0.293,0.296,0.299,0.303,0.31,0.32,0.331,0.339,0.334,0.349,0.36,0.372,0.384,0.395,0.402,0.408,0.418,0.427,0.438,0.449,0.452,0.449,49.4401,49.4502,49.4373,49.2089,49.3069,49.4459,49.6143,49.3997,49.9911,50.3255,50.8468,51.0706,51.2722,51.7927,52.4161,53.0916,53.7422,54.3747,55.342,55.9595,56.4768,57.1246,57.6187,57.8234,31.8,58.3589,58.8454,59.3262,59.5361,60.0466,60.0391,59.7306,2.471770048,2.591730118,2.666199923,2.766360044,2.889139891,2.999229908,3.109319925
15,16,Bangladesh,129.0,0.661,72.3811,7.379059792,5472.104781,12.44198036,BGD,Medium,SA,0.397,0.394,0.413,0.42,0.427,0.436,0.441,0.453,0.467,0.481,0.485,0.492,0.499,0.505,0.511,0.518,0.524,0.527,0.53,0.541,0.553,0.561,0.572,0.574,0.583,0.602,0.612,0.622,0.635,0.644,0.655,55.9886,54.1544,57.6352,57.927,58.6166,59.4673,59.4925,61.4268,63.9168,66.2284,65.7791,66.1353,66.6115,66.8242,67.1874,67.2992,67.2413,66.7144,67.0506,67.4032,68.6384,68.8094,69.554,69.5646,56.7,69.9856,70.4913,71.09,71.7879,72.5675,72.8057,71.9678,5.832300186,6.022955513,6.21361084,6.404266167,6.594921494,6.78557682,6.976232147
16,17,Bulgaria,68.0,0.795,71.798,11.41318035,23078.95595,13.89729023,BGR,High,,0.684,0.684,0.686,0.689,0.691,0.7,0.711,0.706,0.716,0.72,0.725,0.734,0.74,0.749,0.756,0.762,0.767,0.774,0.782,0.785,0.79,0.794,0.798,0.805,0.807,0.809,0.809,0.808,0.809,0.81,0.802,71.3571,71.2267,71.215,71.2257,70.9011,71.0024,70.8738,70.3511,70.9124,71.5962,71.6091,71.9145,72.1619,72.4077,72.6094,72.5924,72.7215,73.037,73.3647,73.7049,73.8348,74.1895,74.3572,74.8489,66.5,74.4824,74.6325,74.8336,74.7992,74.8983,75.0624,73.6453,12.01097965,12.13146019,11.96708965,11.87059021,11.80574036,12.14505005,12.5900898
17,18,Bahrain,35.0,0.875,78.7605,11.04658985,39497.24788,16.29755974,BHR,Very High,AS,0.742,0.743,0.749,0.761,0.764,0.772,0.778,0.78,0.785,0.789,0.798,0.804,0.804,0.806,0.804,0.803,0.804,0.807,0.808,0.806,0.808,0.809,0.817,0.824,0.83,0.858,0.865,0.869,0.879,0.882,0.877,72.6677,72.7642,72.953,73.375,73.5173,73.7988,74.3554,74.5353,74.6408,74.9801,75.4964,75.9082,76.0875,76.3373,76.5598,76.9306,77.1555,77.6338,78.0838,78.4613,78.748,78.8902,79.0813,79.2463,80.3,79.3278,79.4046,79.5569,79.689,79.8566,80.0186,79.1735,13.88512287,13.60251045,13.32565022,13.58314037,13.5984602,13.69696045,13.61559963
18,19,Bahamas,55.0,0.812,71.5983,12.64192386,30486.18429,12.89945,BHS,Very High,LAC,,,,,,0.781,0.787,0.784,0.785,0.794,0.799,0.801,0.804,0.805,0.807,0.811,0.813,0.812,0.812,0.81,0.812,0.812,0.815,0.816,0.82,0.82,0.823,0.825,0.827,0.816,0.815,70.1331,69.6157,70.6679,70.6559,70.8507,70.7628,70.7101,71.0541,71.4558,71.7709,72.0411,72.1101,72.2316,72.402,72.478,72.7654,72.855,72.6785,72.6671,72.5794,72.7314,72.5638,72.7528,73.0237,68.5,73.3658,73.104,73.5368,73.6317,73.8057,71.205,72.6766,,,,,,11.72089958,11.78610417
19,20,Bosnia and Herzegovina,74.0,0.78,75.3003,10.53631973,15241.91465,13.8,BIH,High,ECA,,,,,,,,,,,0.667,0.672,0.675,0.683,0.69,0.691,0.699,0.707,0.718,0.721,0.725,0.732,0.745,0.751,0.756,0.761,0.77,0.772,0.776,0.783,0.781,72.3487,72.0887,51.7847,51.5189,67.2094,70.2839,73.4305,73.6865,73.9007,75.0764,74.4957,75.06,74.6115,75.7822,76.1329,75.42,76.2468,76.1609,76.8378,76.9764,77.0729,77.0069,77.1914,76.3304,63.1,75.6586,76.1819,76.8083,76.9349,77.0926,77.2412,76.2254,,,,,,,
20,21,Belarus,60.0,0.808,72.438,12.14358044,18848.96704,15.16996956,BLR,Very High,ECA,,,,,,0.679,0.686,0.692,0.697,0.701,0.712,0.716,0.721,0.73,0.742,0.75,0.762,0.773,0.783,0.785,0.79,0.797,0.806,0.808,0.812,0.812,0.813,0.817,0.818,0.817,0.807,69.9347,69.7159,69.3996,68.6412,69.2323,68.7966,68.9011,68.6524,68.6405,68.375,69.1801,68.864,68.4835,68.939,69.4064,69.4163,69.9876,70.7622,70.9218,71.0939,71.1219,71.5165,72.6137,72.9891,80.0,73.5849,73.9874,74.258,74.4519,74.5676,74.216,72.5132,12.98762035,12.82841015,12.56779957,12.5387001,12.49347019,12.56346989,12.90583038
21,22,Belize,123.0,0.683,70.4697,8.847599983,6309.099778,12.99168968,BLZ,Medium,LAC,0.593,0.6,0.608,0.614,0.618,0.62,0.623,0.625,0.626,0.633,0.64,0.643,0.652,0.66,0.667,0.664,0.68,0.685,0.693,0.701,0.707,0.709,0.713,0.712,0.709,0.708,0.712,0.707,0.706,0.705,0.69,70.7437,70.2484,69.9793,69.9882,70.3164,69.8874,69.8058,69.2118,68.5988,68.7734,68.5645,68.3572,68.7521,68.9091,69.227,69.3757,70.0932,70.6549,71.1507,71.8186,72.2716,72.6512,73.245,73.6661,60.3,73.3107,73.1866,73.3988,73.5624,73.7031,73.9313,72.854,9.961448904,10.12103037,10.28316832,10.44790371,10.61527814,10.78533389,10.95811392
22,23,Bolivia,118.0,0.692,63.6304,9.827750206,8111.190194,14.94697094,BOL,Medium,LAC,0.55,0.56,0.568,0.578,0.587,0.598,0.609,0.62,0.632,0.631,0.632,0.632,0.63,0.627,0.626,0.635,0.638,0.645,0.652,0.658,0.662,0.668,0.674,0.682,0.684,0.69,0.701,0.708,0.714,0.717,0.694,56.4221,57.0973,57.6287,58.4179,58.9886,59.5337,60.0837,60.7521,61.3317,61.8711,62.3461,62.8426,63.3064,63.6348,64.0041,64.3856,64.7793,65.0267,65.4459,65.8803,66.1624,66.5337,66.7046,67.0207,62.6,67.1632,67.3182,67.6277,67.7015,67.748,67.841,64.4667,11.58170251,11.93004266,12.28885977,12.65846893,13.03919474,13.64727287,14.25535101
23,24,Brazil,87.0,0.754,72.7504,8.128813955,14369.88848,15.59906006,BRA,High,LAC,0.61,0.616,0.622,0.63,0.638,0.646,0.653,0.66,0.666,0.671,0.679,0.686,0.692,0.688,0.692,0.698,0.7,0.704,0.715,0.717,0.723,0.728,0.732,0.75,0.754,0.753,0.755,0.759,0.764,0.766,0.758,65.9848,66.3096,66.7082,67.1092,67.5684,67.9191,68.409,68.8128,69.1885,69.5237,69.7367,70.1949,70.4103,70.7204,71.1307,71.7533,72.0373,72.3653,72.7153,72.9484,73.1821,73.3432,73.5517,73.9185,60.7,74.3058,74.3325,74.4415,74.8266,75.1095,75.3379,74.0089,12.10387,12.32611417,12.54835833,12.7706025,12.99284667,13.21509083,13.437335
24,25,Barbados,70.0,0.79,77.5714,9.852700596,12306.341,15.71338458,BRB,High,LAC,0.725,0.727,0.727,0.731,0.736,0.739,0.744,0.747,0.748,0.75,0.756,0.756,0.76,0.765,0.77,0.776,0.781,0.786,0.789,0.791,0.788,0.784,0.787,0.787,0.789,0.791,0.794,0.796,0.797,0.799,0.788,72.7516,72.843,72.9152,73.1904,73.2113,73.2983,73.5458,73.5475,73.7278,74.0387,74.0891,74.2467,74.3656,74.4717,74.7268,74.8901,75.0683,75.3424,75.4471,75.678,75.7115,75.9166,76.0987,76.2752,68.4,76.4758,76.6502,76.8149,76.936,77.067,77.2569,77.3929,12.77293015,12.909299,13.04566786,13.18203672,13.31840558,13.45477443,13.59114329
25,26,Brunei,51.0,0.829,74.6424,9.18,64489.53954,13.95178032,BRN,Very High,EAP,0.77,0.775,0.781,0.786,0.79,0.795,0.798,0.799,0.801,0.807,0.808,0.809,0.813,0.818,0.822,0.825,0.828,0.827,0.826,0.828,0.828,0.832,0.838,0.838,0.837,0.836,0.835,0.834,0.83,0.83,0.83,71.6563,71.8711,72.0808,72.3118,72.5529,72.8161,73.0996,73.364,73.6188,73.8628,74.0801,74.2764,74.4256,74.5605,74.6497,74.7309,74.7829,74.818,74.84,74.8457,74.8492,74.858,74.8274,74.7992,75.2,74.7788,74.7498,74.7332,74.722,74.7118,74.7483,74.7949,11.82485347,12.03989128,12.25883961,12.48176956,12.60186005,12.67656755,12.75127506
26,27,Bhutan,127.0,0.666,71.815,5.170262283,9437.541512,13.22500478,BTN,Medium,SA,,,,,,,,,,,,,,,,,,,,,0.581,0.591,0.598,0.606,0.617,0.627,0.638,0.647,0.658,0.671,0.668,55.9679,56.642,57.4231,58.1173,58.6353,59.5164,60.2116,60.8522,61.549,62.2301,62.0103,63.4443,64.0779,64.6962,65.2678,65.805,66.3617,66.9537,67.4991,67.897,68.4298,68.881,69.3261,69.7072,54.2,70.0486,70.3433,70.6022,70.8472,71.1286,71.3909,71.6094,4.638173857,4.862608903,5.097904062,5.34458484,5.603202172,5.874333651,6.158584821
27,28,Botswana,117.0,0.693,61.1409,10.34,16198.31841,12.26513765,BWA,Medium,SSA,0.586,0.588,0.586,0.588,0.578,0.583,0.583,0.586,0.586,0.587,0.585,0.586,0.583,0.59,0.595,0.604,0.618,0.632,0.642,0.647,0.66,0.669,0.674,0.687,0.696,0.702,0.713,0.722,0.716,0.717,0.713,60.5327,59.4734,58.3482,57.7188,56.1542,55.0594,54.3573,53.4482,52.5226,51.6943,51.0109,50.6757,50.6324,50.9468,51.6168,52.6104,53.9182,55.732,57.1206,58.2791,60.0133,60.5302,60.8004,61.9958,64.2,62.6076,63.8183,65.4644,66.7526,65.4224,65.4636,65.6471,10.8159417,10.85219002,10.88855982,10.92492962,10.89109039,11.34827995,11.57822005
28,29,Central African Republic,188.0,0.404,53.8947,4.334,966.0586107,8.040171714,CAF,Low,SSA,0.338,0.333,0.319,0.319,0.321,0.323,0.319,0.322,0.325,0.329,0.329,0.332,0.333,0.333,0.337,0.342,0.345,0.351,0.358,0.364,0.372,0.381,0.388,0.368,0.37,0.384,0.391,0.398,0.405,0.411,0.407,49.6347,49.2516,48.7932,48.353,47.8529,47.35,46.8311,46.3192,46.0249,45.7504,45.406,45.3926,45.4092,45.76,46.0383,46.4331,46.8514,47.4262,48.0155,48.6476,49.2549,49.9482,50.6861,50.902,33.4,50.5655,52.793,53.4601,53.7207,54.3693,55.0253,54.6042,5.387440205,5.059050083,4.283880234,4.408046105,4.532211977,4.656377848,4.78054372
29,30,Canada,15.0,0.936,82.6565,13.83442722,46807.98619,16.39625931,CAN,Very High,,0.86,0.864,0.868,0.866,0.872,0.876,0.879,0.88,0.879,0.884,0.89,0.892,0.894,0.897,0.901,0.903,0.907,0.908,0.91,0.909,0.911,0.915,0.921,0.923,0.925,0.926,0.928,0.931,0.933,0.937,0.931,77.4308,77.5917,77.8501,77.7229,77.8991,78.0194,78.271,78.4642,78.6739,78.8851,79.2335,79.4507,79.568,79.7396,80.0332,80.1364,80.5466,80.5495,80.7388,81.0737,81.3469,81.5286,81.7221,81.8029,82.8,81.8545,81.9246,82.0434,82.0192,82.0508,82.3628,82.0471,16.76796913,17.12656021,17.26371956,16.8500309,16.95997047,16.94639015,16.95886993
30,31,Switzerland,1.0,0.962,83.9872,13.85966015,66933.00454,16.50029945,CHE,Very High,,0.851,0.853,0.856,0.861,0.863,0.865,0.87,0.875,0.88,0.884,0.887,0.89,0.89,0.895,0.901,0.905,0.914,0.92,0.926,0.936,0.942,0.943,0.945,0.948,0.952,0.954,0.956,0.957,0.959,0.962,0.956,77.3849,77.648,77.9437,78.2332,78.4942,78.5648,79.0489,79.2324,79.4749,79.7231,79.8335,80.2507,80.4431,80.532,81.0534,81.2338,81.5464,81.6988,81.9664,81.985,82.2831,82.5707,82.6158,82.6903,83.6,83.0849,82.8468,83.4452,83.4125,83.5615,83.7802,83.067,13.42648029,13.62067032,13.77219009,14.13531971,14.27805996,14.43200016,14.57855034
31,32,Chile,42.0,0.855,78.9435,10.9349663,24563.24486,16.73130035,CHL,Very High,LAC,0.706,0.715,0.723,0.716,0.722,0.728,0.735,0.744,0.749,0.755,0.763,0.768,0.775,0.779,0.787,0.795,0.796,0.801,0.813,0.811,0.813,0.817,0.824,0.836,0.841,0.846,0.85,0.853,0.856,0.861,0.852,72.574,73.5741,74.1354,74.1953,74.6139,74.6085,74.8988,75.5958,75.6695,76.0176,76.8695,76.7726,77.4445,77.3867,77.6161,78.0159,78.261,77.8258,78.4841,78.7409,78.5015,79.1099,79.0233,79.3391,86.2,79.4726,79.746,80.0794,80.3501,80.1334,80.3263,79.3769,12.75809093,12.73246956,12.70689964,11.70440006,11.86658802,12.02877598,12.19096394
32,33,China,79.0,0.768,78.2107,7.600118446,17504.39969,14.2361149,CHN,High,EAP,0.484,0.492,0.504,0.515,0.525,0.535,0.545,0.554,0.564,0.573,0.584,0.593,0.604,0.615,0.626,0.638,0.65,0.663,0.672,0.682,0.691,0.7,0.709,0.717,0.725,0.733,0.74,0.747,0.755,0.762,0.764,68.0052,68.1688,68.7345,69.2164,69.5201,70.008,70.2659,70.672,71.1721,71.4188,71.8807,72.6061,72.985,73.3714,73.7477,74.1111,74.5037,74.7619,74.8719,75.3434,75.5991,75.9032,76.1923,76.4523,69.1,76.7173,76.9771,77.2177,77.2476,77.7444,77.968,78.0766,8.630220413,8.670319557,8.771459579,8.812950134,8.806750298,8.94740963,9.08220005
33,34,Ivory Coast,159.0,0.55,58.5983,5.199138977,5217.448516,10.67558002,CIV,Medium,SSA,0.427,0.428,0.43,0.433,0.436,0.442,0.448,0.456,0.461,0.459,0.457,0.456,0.454,0.453,0.455,0.456,0.458,0.461,0.464,0.469,0.473,0.472,0.477,0.483,0.502,0.513,0.524,0.534,0.542,0.55,0.551,52.6026,52.323,52.1382,51.9249,51.7368,51.6104,51.5205,51.4487,51.1078,50.9574,50.8423,50.8098,50.8857,50.9543,51.3628,51.824,52.3554,52.9697,53.6532,54.3938,55.0225,55.5195,56.1579,56.7481,44.2,57.208,57.7624,58.0599,58.4805,58.8494,59.3185,59.0318,5.553355463,5.65919955,5.767060971,5.876978174,5.988990343,6.103137406,6.219460053
34,35,Cameroon,151.0,0.576,60.3334,6.15131,3620.932408,13.10859922,CMR,Medium,SSA,0.452,0.449,0.446,0.439,0.436,0.435,0.434,0.435,0.436,0.437,0.442,0.46,0.461,0.468,0.474,0.475,0.477,0.489,0.497,0.506,0.513,0.521,0.533,0.542,0.551,0.56,0.564,0.571,0.577,0.583,0.578,54.8679,54.6577,54.4809,54.0615,53.5281,53.2218,52.8198,52.7367,52.582,52.6946,52.9317,53.1423,53.4148,53.8826,54.1779,54.3619,54.8564,55.1653,55.6548,56.1019,56.582,57.1331,57.7922,58.4761,56.0,58.9355,59.658,60.2333,60.8103,61.1798,61.5839,60.8328,8.152429581,8.102689743,7.971072257,7.83945477,7.707837284,7.576219797,7.444602311
35,36,The Democratic Republic of the Congo,179.0,0.479,59.193,7.018696516,1076.098781,9.817864451,COD,Low,SSA,0.386,0.384,0.38,0.375,0.371,0.373,0.372,0.374,0.371,0.368,0.376,0.374,0.378,0.384,0.39,0.395,0.401,0.406,0.416,0.421,0.429,0.438,0.44,0.446,0.455,0.463,0.472,0.475,0.48,0.482,0.479,48.6006,48.9478,49.2436,49.5512,49.8841,50.411,49.3072,50.4021,49.6956,49.9448,51.7812,52.1162,52.3327,52.8266,53.426,53.9267,54.5338,54.9226,55.3386,55.8363,56.4167,57.0693,57.2484,57.7618,37.0,58.2963,58.49,59.0664,59.4114,59.9417,60.2757,59.7392,6.211513732,6.308457341,6.406913956,6.506907191,6.608461029,6.711599827,6.819668969
36,37,Congo,153.0,0.571,63.5187,6.166,2889.283521,12.33081527,COG,Medium,SSA,0.522,0.519,0.518,0.512,0.507,0.497,0.496,0.466,0.489,0.49,0.491,0.497,0.5,0.5,0.505,0.519,0.532,0.533,0.541,0.554,0.561,0.564,0.575,0.58,0.589,0.59,0.586,0.58,0.578,0.57,0.574,55.9261,55.2431,54.663,54.1462,53.7383,53.644,53.4908,47.1899,50.8935,52.7573,53.682,54.3945,55.0878,55.9481,56.986,58.1255,58.8784,59.6433,60.4265,61.0883,61.6833,61.9924,62.317,62.6947,52.4,62.9502,63.2329,63.5765,63.76,64.0531,62.7467,63.7852,11.00813007,10.81482029,10.72931957,10.57212658,10.41493359,10.25774059,10.1005476
37,38,Colombia,88.0,0.752,72.8296,8.862859726,14384.35666,14.44274998,COL,High,LAC,0.61,0.619,0.628,0.635,0.64,0.645,0.653,0.66,0.665,0.663,0.666,0.667,0.67,0.677,0.683,0.696,0.698,0.71,0.716,0.722,0.726,0.733,0.734,0.746,0.75,0.754,0.759,0.761,0.763,0.768,0.756,68.644,68.8127,69.0381,69.3418,69.6132,69.9325,70.1885,70.4919,70.7378,70.9257,71.3201,71.502,71.9389,72.3606,72.6951,73.0814,73.468,73.8372,74.295,74.7418,75.0327,75.3198,75.5973,75.8267,57.9,76.0427,76.2573,76.4713,76.6456,76.7479,76.7523,74.7692,8.941541632,9.490810394,10.07382011,10.25879955,10.38840008,10.45281029,11.00516987
38,39,Comoros,156.0,0.558,63.4174,5.078649,3142.064119,11.92432393,COM,Medium,SSA,,,,,,,,,,,0.464,0.47,0.474,0.479,0.482,0.488,0.494,0.5,0.507,0.513,0.52,0.527,0.533,0.539,0.54,0.544,0.548,0.553,0.557,0.56,0.562,55.8404,56.1941,56.733,57.2762,57.694,58.0146,58.3444,58.3899,58.4068,58.7809,58.7565,59.1631,59.0556,59.2578,59.4803,59.6041,59.8751,60.102,60.4747,60.8314,61.1233,61.5033,61.834,62.2244,43.6,62.5158,62.8956,63.2368,63.6254,63.9117,64.0684,64.1665,8.155587341,8.171094053,8.186630249,8.202195985,8.217761721,8.233327457,8.248893193
39,40,Cabo Verde,128.0,0.662,74.0518,6.287719287,6230.200199,12.55461444,CPV,Medium,SSA,,,,,,,,,,,0.569,0.576,0.587,0.593,0.597,0.606,0.62,0.629,0.635,0.639,0.644,0.653,0.656,0.666,0.667,0.663,0.67,0.675,0.673,0.676,0.662,65.0227,65.1762,65.318,65.3121,65.2504,64.0928,65.7627,66.3779,66.9928,67.5686,68.6183,69.9287,70.7054,71.4289,71.9991,72.6804,72.2394,72.8349,72.5077,73.0875,73.4986,74.2565,74.4838,75.059,60.6,75.24,74.6195,75.7423,76.5928,75.7331,76.0042,74.8077,,,,,,,
40,41,Costa Rica,58.0,0.809,77.0232,8.804059982,19974.27358,16.54577065,CRI,Very High,LAC,0.66,0.663,0.674,0.682,0.685,0.691,0.693,0.7,0.705,0.708,0.71,0.715,0.722,0.727,0.732,0.74,0.747,0.756,0.765,0.769,0.772,0.782,0.786,0.792,0.796,0.798,0.803,0.807,0.811,0.819,0.816,76.6301,76.5905,76.6269,76.7029,76.67,76.5519,76.8042,77.0703,76.8963,77.1375,77.5857,77.5453,77.9833,78.072,78.3305,78.5053,78.5145,78.4621,78.4451,78.6721,78.6704,79.3477,79.2827,79.4034,76.5,78.7741,79.0857,79.4592,79.3769,79.4835,79.4272,79.277,9.794050217,10.03783989,10.30109024,10.45274687,10.6044035,10.75606012,10.90771675
41,42,Cuba,83.0,0.764,73.6829,12.49773438,7878.847482,14.44305992,CUB,High,LAC,0.68,0.674,0.668,0.659,0.656,0.659,0.67,0.674,0.678,0.685,0.693,0.7,0.706,0.714,0.728,0.741,0.761,0.775,0.784,0.784,0.78,0.777,0.773,0.769,0.771,0.773,0.774,0.779,0.783,0.788,0.781,74.0389,74.093,74.1615,74.2608,74.4106,74.6231,74.9026,75.2223,75.5639,75.8926,76.1831,76.4208,76.6124,76.7729,76.9116,77.0469,77.1788,77.3072,77.4294,77.5483,77.661,77.7597,77.8328,77.8698,69.6,77.8533,77.772,77.643,77.5286,77.4962,77.6112,77.5673,12.21516037,12.10655022,11.98618984,11.89202023,11.36503983,11.2565403,11.73295975
42,43,Cyprus,29.0,0.896,81.2033,12.44017029,38188.42152,15.64826965,CYP,Very High,,0.716,0.719,0.726,0.765,0.77,0.776,0.781,0.785,0.794,0.794,0.797,0.804,0.816,0.825,0.83,0.834,0.841,0.848,0.857,0.862,0.857,0.861,0.86,0.861,0.865,0.871,0.877,0.887,0.892,0.897,0.894,73.5387,73.7158,74.1774,74.6497,74.7201,75.1329,75.5217,75.8415,76.1824,76.2948,76.568,76.9889,77.4873,77.7879,77.9435,78.1008,78.3708,78.8103,78.9812,79.4006,79.665,79.9991,80.1094,80.4016,80.1,80.7706,80.9665,81.0563,81.328,81.382,81.397,81.3905,9.226169586,9.344320297,9.331640244,12.35991001,12.39344978,12.51867962,12.58349037
43,44,Czechia,32.0,0.889,77.7283,12.86931038,38745.21386,16.21968079,CZE,Very High,,0.742,0.742,0.743,0.751,0.762,0.77,0.782,0.787,0.792,0.796,0.808,0.818,0.825,0.831,0.836,0.844,0.852,0.859,0.863,0.865,0.87,0.872,0.874,0.881,0.887,0.891,0.895,0.897,0.894,0.897,0.892,71.4087,71.9702,72.33,72.853,73.082,73.1775,73.8348,73.9464,74.5531,74.7421,74.9787,75.315,75.4435,75.3972,75.9432,76.1585,76.7109,76.9217,77.1743,77.2598,77.5703,77.8191,78.0058,78.1796,78.5,78.755,78.58,78.9967,78.9557,79.0039,79.2433,78.5746,11.83512974,11.82269955,11.63922977,11.86242008,12.39513016,12.72935963,13.08154011
44,45,Germany,9.0,0.942,80.6301,14.09096691,54534.21682,17.01013947,DEU,Very High,,0.829,0.835,0.842,0.852,0.858,0.863,0.868,0.874,0.879,0.884,0.889,0.896,0.901,0.905,0.914,0.914,0.917,0.921,0.923,0.923,0.926,0.931,0.933,0.934,0.937,0.938,0.941,0.944,0.945,0.948,0.944,75.3588,75.5759,76.0187,76.0959,76.3931,76.5619,76.7922,77.2259,77.5768,77.8056,78.0637,78.4095,78.4827,78.5443,79.1263,79.2618,79.5906,79.7412,79.8261,79.9248,80.0864,80.36,80.5058,80.4633,77.4,80.9151,80.5742,80.8471,80.9442,81.1717,81.5584,81.1472,14.56072642,14.68710995,14.81459045,15.50872993,15.65505028,15.7678299,15.85593033
45,46,Djibouti,171.0,0.509,62.3049,4.1,5024.993944,7.43298,DJI,Low,AS,,,,,,0.351,0.35,0.353,0.355,0.36,0.361,0.371,0.378,0.388,0.396,0.405,0.416,0.426,0.434,0.445,0.458,0.47,0.478,0.483,0.488,0.493,0.496,0.499,0.506,0.512,0.51,55.4983,55.1564,54.4515,55.7737,55.5053,56.3016,56.1862,55.9665,56.1757,56.4268,56.5734,56.9027,57.2147,57.5946,57.7594,58.316,58.7153,59.0242,59.3653,59.6727,60.2587,60.4329,60.8479,61.2212,42.2,61.6411,61.957,62.1908,62.7966,63.0381,63.0854,62.6943,2.601186608,2.692800045,2.787640095,2.571929932,2.739470005,2.829485059,2.919500113
46,47,Dominica,102.0,0.72,72.814,8.142186,11487.62422,13.3191862,DMA,High,LAC,,,,,,,,,,,0.695,0.694,0.695,0.695,0.7,0.701,0.708,0.707,0.717,0.713,0.711,0.702,0.706,0.699,0.705,0.7,0.709,0.692,0.726,0.729,0.722,69.852,69.6458,70.2817,70.9373,71.0757,71.5203,71.194,71.6344,71.4715,70.6314,72.6932,71.7132,72.3395,71.4384,72.401,72.2543,72.8479,71.9301,73.3054,72.1702,71.5499,69.6948,70.5383,68.8962,62.5,69.4342,68.7266,70.1284,67.5253,73.59,73.5588,73.649,,,,,,,
47,48,Denmark,6.0,0.948,81.3753,12.96049023,60364.78595,18.71479988,DNK,Very High,,0.834,0.838,0.841,0.844,0.851,0.854,0.862,0.869,0.876,0.886,0.889,0.895,0.896,0.901,0.906,0.911,0.91,0.911,0.915,0.909,0.913,0.926,0.931,0.933,0.932,0.936,0.943,0.944,0.942,0.946,0.947,74.8636,75.2256,75.2672,75.1877,75.4394,75.2856,75.6623,76.0397,76.4343,76.5763,76.8137,76.9721,77.0973,77.3992,77.7836,78.2243,78.2218,78.348,78.7134,78.9565,79.2459,79.7845,80.0807,80.3042,90.6,80.6302,80.738,80.8803,81.1112,80.99,81.4337,81.5449,14.06153965,14.20090961,14.27690983,14.59694004,14.92171955,15.12403965,15.37061024
48,49,Dominican Republic,80.0,0.767,72.6146,9.306864107,17989.60037,14.46655802,DOM,High,LAC,0.577,0.583,0.593,0.6,0.607,0.613,0.62,0.627,0.633,0.64,0.646,0.651,0.657,0.659,0.663,0.674,0.683,0.692,0.697,0.701,0.708,0.713,0.718,0.722,0.728,0.736,0.755,0.757,0.764,0.771,0.764,67.1102,67.6254,68.0842,68.4715,68.7917,68.9884,69.0969,69.1664,69.0964,69.2794,69.4232,69.6416,69.923,70.2649,70.3305,70.8752,71.1654,71.371,71.6577,71.871,72.0933,72.2212,72.5142,72.7127,70.7,72.8665,72.9531,72.9867,73.0629,73.2323,73.5767,72.8894,9.143647877,9.316756071,9.493141561,9.672866393,9.855993789,10.04258817,10.23271516
49,50,Algeria,91.0,0.745,76.3767,8.069284397,10800.22546,14.62689602,DZA,High,AS,0.591,0.594,0.599,0.601,0.602,0.606,0.617,0.624,0.633,0.641,0.649,0.655,0.664,0.67,0.678,0.685,0.69,0.697,0.705,0.714,0.721,0.727,0.729,0.731,0.735,0.74,0.743,0.744,0.745,0.748,0.736,67.416,67.6875,67.7571,67.7195,67.3614,67.4544,68.7493,69.1706,69.4506,70.0316,70.4779,70.8233,71.2296,71.2868,71.7617,72.0612,72.3336,72.6019,72.9405,73.6196,73.8081,74.1234,74.2024,74.6153,58.2,75.11,75.622,75.7318,75.7428,76.0656,76.4742,74.4528,9.658769608,9.710650444,9.820469856,9.840649605,9.914270401,9.901869774,10.05828953
50,51,Ecuador,95.0,0.74,73.67,8.817119598,10311.63273,14.62423038,ECU,High,LAC,0.651,0.652,0.658,0.662,0.667,0.671,0.674,0.679,0.684,0.683,0.687,0.693,0.698,0.703,0.71,0.715,0.72,0.723,0.729,0.731,0.736,0.743,0.751,0.755,0.76,0.765,0.762,0.762,0.762,0.76,0.731,69.3477,69.6253,70.1172,70.3451,70.7571,71.0408,71.362,71.6815,72.045,72.4634,72.8394,73.2395,73.6134,73.9751,74.2788,74.5144,74.689,74.8445,74.983,75.1841,75.4301,75.7425,76.0616,76.3694,68.2,76.6221,76.7893,76.7634,76.9725,77.0938,77.2971,72.1535,11.82929039,11.66971016,11.8294235,11.98913683,12.14885017,12.3085635,12.46827684
51,52,Egypt,97.0,0.731,70.2207,9.573026174,11731.69056,13.78649972,EGY,High,AS,0.572,0.578,0.585,0.591,0.598,0.605,0.613,0.619,0.624,0.629,0.633,0.637,0.639,0.637,0.64,0.643,0.647,0.655,0.663,0.668,0.675,0.679,0.688,0.694,0.699,0.706,0.713,0.721,0.729,0.735,0.734,64.1459,64.7553,65.0305,65.4677,65.8155,66.312,66.7418,67.1967,67.4709,67.737,68.0074,68.3083,68.5635,68.4021,68.613,68.7786,68.9773,69.128,69.3186,69.48,69.6638,69.8805,70.0848,70.0521,63.9,70.4151,70.4831,70.8435,71.3019,71.3669,71.3575,70.9905,9.697939873,9.745200157,9.912141442,10.07908273,10.24602401,10.4129653,10.57990658
52,53,Eritrea,176.0,0.492,66.5358,4.8872352,1728.742667,8.064524628,ERI,Low,SSA,,,,,,,,,,,,,0.426,0.437,0.445,0.449,0.453,0.457,0.448,0.457,0.463,0.481,0.486,0.483,0.502,0.483,0.488,0.484,0.493,0.495,0.494,49.7688,50.6074,52.4652,53.2341,54.0998,54.9137,55.7564,56.3119,49.1576,43.3974,56.1105,58.2983,58.8113,59.4086,59.8987,60.5968,61.6108,62.1161,62.5731,63.3284,63.7866,64.4017,64.8385,65.0665,40.9,65.5995,66.0333,66.2893,66.5773,67.0675,67.2996,67.1334,,,,,,5.223760128,5.232279778
53,54,Spain,27.0,0.905,83.01,10.60540009,38353.60164,17.91690063,ESP,Very High,,0.757,0.764,0.772,0.781,0.789,0.796,0.802,0.808,0.813,0.818,0.825,0.83,0.834,0.837,0.844,0.85,0.856,0.858,0.86,0.861,0.868,0.872,0.874,0.88,0.884,0.889,0.895,0.897,0.901,0.908,0.899,77.0017,77.1299,77.5904,77.7302,78.1166,78.2029,78.3417,78.8534,78.9428,78.9478,79.4172,79.7444,79.8238,79.7548,80.3362,80.3283,80.9725,80.9803,81.2902,81.6408,82.0214,82.1974,82.2112,82.7199,84.5,82.858,82.6464,83.0411,83.0295,83.1436,83.5321,82.2892,14.0401001,14.29535961,14.53036976,15.0120697,15.33172035,15.49759007,15.68964958
54,55,Estonia,31.0,0.89,77.1436,13.54843044,38048.26372,15.92895985,EST,Very High,,0.732,0.729,0.719,0.71,0.712,0.725,0.742,0.757,0.764,0.773,0.787,0.797,0.807,0.816,0.826,0.839,0.847,0.853,0.856,0.856,0.861,0.871,0.874,0.88,0.879,0.882,0.885,0.887,0.891,0.896,0.892,69.8312,69.712,69.3445,68.5792,67.8846,68.7257,70.1448,70.732,70.2171,71.1147,71.3298,71.4185,71.8708,72.1579,72.6438,73.1971,73.4792,73.6051,74.412,75.1919,75.7485,76.4681,76.5454,77.1272,85.3,77.1406,77.6563,77.8201,77.976,78.1395,78.6693,78.3431,13.13125992,12.87829018,12.83745956,12.39554024,12.58990955,12.90907955,13.30634022
55,56,Ethiopia,175.0,0.498,64.9748,3.201520681,2361.069604,9.651071421,ETH,Low,SSA,,,,,,,,,,,0.287,0.301,0.309,0.313,0.327,0.346,0.363,0.38,0.395,0.402,0.412,0.422,0.43,0.441,0.45,0.46,0.47,0.48,0.489,0.498,0.498,44.5567,46.1304,46.9015,47.394,47.8607,48.3016,48.9236,49.5138,49.9272,49.4248,50.5378,51.0426,51.5171,52.5326,53.2348,54.0085,55.1491,56.4264,57.5916,58.8043,59.73,60.7206,61.5431,62.3734,49.5,62.9046,63.6492,64.3919,64.8383,65.4117,65.8377,65.3705,2.947940876,2.770580053,2.603890022,2.43719999,2.270509958,2.502729893,2.884079933
56,57,Finland,11.0,0.94,82.0381,12.87362003,49452.16672,19.05192947,FIN,Very High,,0.814,0.818,0.825,0.829,0.841,0.847,0.854,0.863,0.873,0.881,0.891,0.9,0.904,0.907,0.902,0.905,0.909,0.911,0.912,0.907,0.911,0.915,0.915,0.926,0.927,0.93,0.931,0.934,0.936,0.939,0.938,74.9893,75.4071,75.6469,75.8849,76.5748,76.6039,76.8696,77.0641,77.2591,77.4508,77.6712,78.1422,78.2698,78.5333,78.846,78.9713,79.3729,79.3907,79.695,79.831,80.0117,80.3915,80.5008,80.8831,80.4,81.0125,81.4178,81.2915,81.4976,81.6266,81.8706,81.8657,14.99647045,15.21839046,15.76556015,15.87520027,16.21611977,16.3091507,16.52115059
57,58,Fiji,99.0,0.73,67.114,10.92154799,9980.110866,14.73679,FJI,High,EAP,0.642,0.647,0.651,0.654,0.66,0.666,0.669,0.67,0.672,0.679,0.681,0.686,0.687,0.692,0.704,0.702,0.705,0.706,0.709,0.711,0.714,0.719,0.721,0.726,0.729,0.729,0.735,0.741,0.745,0.746,0.737,65.5076,65.6434,65.8269,65.9283,66.1246,66.2856,66.4078,66.4478,66.68,66.7627,66.31,66.3399,65.7482,66.1775,66.4243,66.6325,66.8553,66.8261,66.9346,67.0888,67.3276,67.5234,67.5515,67.428,64.2,67.3764,66.8436,67.2395,67.7904,67.8096,67.8933,67.9244,12.40322751,12.48120975,12.55968229,12.63815482,12.71662736,12.79509989,12.87357243
58,59,France,28.0,0.903,82.4988,11.61005974,45937.05273,15.81206989,FRA,Very High,,0.791,0.799,0.806,0.809,0.823,0.828,0.833,0.838,0.842,0.84,0.844,0.847,0.848,0.851,0.858,0.866,0.87,0.873,0.873,0.872,0.877,0.881,0.882,0.887,0.892,0.892,0.895,0.898,0.901,0.905,0.898,76.8335,77.0143,77.2958,77.348,77.7678,77.8713,78.0613,78.4254,78.5885,78.7505,79.0472,79.2235,79.4129,79.421,80.3393,80.3394,80.7483,80.9672,81.049,81.1777,81.4275,81.813,81.774,82.0159,82.9,82.4761,82.1857,82.4372,82.4732,82.5909,82.7315,82.2104,14.08889008,14.47624969,14.69744968,14.79576015,15.58909988,15.70378017,15.79720974
59,60,Micronesia,134.0,0.628,70.71,7.804956,3696.173945,11.54947988,FSM,Medium,EAP,,,,,,,,,,,0.572,0.581,0.582,0.594,0.597,0.604,0.61,0.614,0.618,0.62,0.625,0.628,0.628,0.626,0.625,0.626,0.629,0.632,0.633,0.633,0.629,67.425,67.619,67.832,68.0589,68.0954,68.5528,68.7764,69.2293,69.465,69.7064,69.769,70.4791,69.4595,70.7605,70.8382,70.8844,71.0932,71.0599,71.1373,71.1122,71.2328,71.318,71.3981,71.4985,61.4,71.5287,71.4079,71.5954,71.4666,71.3183,71.0771,70.674,,,,,,,
60,61,Gabon,112.0,0.706,65.821,9.436,13366.93455,12.97731,GAB,High,SSA,0.61,0.615,0.615,0.619,0.623,0.627,0.63,0.634,0.64,0.636,0.635,0.641,0.644,0.648,0.647,0.652,0.651,0.655,0.655,0.66,0.664,0.668,0.679,0.685,0.694,0.699,0.702,0.706,0.706,0.709,0.71,60.3109,60.3968,60.5447,60.7183,60.7012,60.704,60.6118,60.662,60.7897,60.8487,61.069,61.2697,61.2916,61.6706,61.8378,61.9594,62.3746,62.6183,63.0829,63.3032,63.8977,64.0453,64.5871,64.7765,61.1,64.9743,65.4599,65.8025,66.1889,66.3064,66.6028,66.5305,11.83213,11.87458,11.91703,11.95948,12.00193,12.04438,12.08683
61,62,United Kingdom,18.0,0.929,80.7422,13.4061203,45224.76564,17.30971909,GBR,Very High,,0.804,0.809,0.816,0.82,0.828,0.828,0.834,0.842,0.848,0.855,0.862,0.868,0.873,0.878,0.889,0.895,0.894,0.897,0.9,0.906,0.912,0.908,0.909,0.922,0.924,0.924,0.927,0.93,0.929,0.935,0.924,75.7359,75.9098,76.3063,76.1627,76.7221,76.6164,76.8748,77.1418,77.277,77.3757,77.8525,78.1239,78.2411,78.334,78.9045,79.1116,79.355,79.5424,79.6652,80.1668,80.4008,80.8046,80.8659,80.9291,82.7,81.1602,80.9238,81.0747,81.1684,81.1254,81.725,80.4345,13.6549902,13.92667007,14.27546978,14.48675315,14.69803651,14.90931988,15.12060324
62,63,Georgia,63.0,0.802,71.694,12.82221985,14664.16825,15.56851959,GEO,Very High,ECA,,,,,,,,,,,0.702,0.706,0.714,0.723,0.729,0.738,0.742,0.753,0.748,0.753,0.759,0.766,0.773,0.777,0.784,0.79,0.794,0.8,0.804,0.81,0.802,68.389,68.2447,67.783,67.6557,68.5539,68.8509,68.9738,69.0587,69.1015,69.3194,69.5754,69.6063,70.0244,70.3327,70.5674,71.13,71.394,71.5679,71.3323,71.9498,72.1277,72.3902,72.412,72.6284,66.6,73.0993,73.2972,73.5692,73.5701,73.3414,73.4696,72.7653,12.79429197,12.4276104,12.07143784,11.71526527,11.35909271,11.00292015,11.24497986
63,64,Ghana,133.0,0.632,63.7954,8.329886695,5744.504017,12.04778004,GHA,Medium,SSA,0.46,0.466,0.47,0.475,0.477,0.483,0.487,0.492,0.497,0.502,0.507,0.505,0.512,0.515,0.521,0.533,0.54,0.55,0.561,0.566,0.574,0.585,0.592,0.6,0.6,0.607,0.611,0.616,0.62,0.631,0.632,55.6196,56.0118,56.2313,56.416,56.1124,56.5652,56.8201,57.1989,57.6003,58.0302,58.195,58.1072,58.6079,59.1108,59.1914,59.7601,59.9883,60.2243,60.49,60.946,61.1571,61.6517,62.0805,62.4205,50.9,63.0447,63.1752,63.8902,64.0131,64.122,64.7401,64.114,6.751592319,6.826328267,6.901891496,6.978291163,7.055536528,7.13363695,7.212601896
64,65,Guinea,182.0,0.465,58.8922,2.202125952,2480.887182,9.805297465,GIN,Low,SSA,0.269,0.274,0.282,0.289,0.295,0.303,0.31,0.321,0.33,0.339,0.345,0.352,0.362,0.37,0.377,0.387,0.394,0.402,0.408,0.41,0.415,0.42,0.425,0.429,0.435,0.44,0.45,0.458,0.462,0.467,0.466,47.0044,47.5456,48.3626,48.9617,49.1711,49.8658,50.544,51.3556,52.0487,52.3565,52.4794,52.6624,53.2782,53.6779,54.1165,54.6316,55.1082,55.5526,56.044,56.3481,56.7197,57.0191,57.4064,57.7906,45.9,57.8858,58.1336,58.7625,59.1093,59.3491,59.7199,59.3273,2.662970066,2.814340115,2.986715078,3.159090042,3.382879972,3.611449957,3.840019941
65,66,Gambia,174.0,0.5,62.083,4.637487411,2172.207664,9.418626299,GMB,Low,SSA,0.343,0.35,0.357,0.363,0.369,0.376,0.382,0.385,0.392,0.398,0.404,0.41,0.412,0.419,0.428,0.431,0.436,0.442,0.45,0.455,0.46,0.46,0.467,0.471,0.473,0.478,0.484,0.489,0.495,0.503,0.501,51.3185,52.1265,52.9408,53.748,54.7206,55.464,56.009,56.06,56.5543,56.8155,56.9421,57.0432,57.0798,57.5864,58.0878,58.3935,59.0596,59.3935,60.0817,60.4267,60.7166,61.5257,62.0961,62.1138,51.8,62.2688,62.494,63.0127,62.9955,63.04,63.7549,62.6125,4.672284859,4.823235838,4.979063703,5.139926015,5.305985425,5.47740984,5.666175989
66,67,Guinea-Bissau,177.0,0.483,59.6523,3.583719,1908.24159,10.61306278,GNB,Low,SSA,,,,,,,,,,,,,,,,0.404,0.417,0.424,0.429,0.436,0.443,0.452,0.456,0.46,0.466,0.472,0.478,0.481,0.482,0.49,0.483,47.084,47.4654,47.9205,48.2284,48.156,48.9516,49.0648,47.9974,47.7161,48.0061,50.1209,50.445,50.9855,51.405,52.1496,52.2492,53.3712,54.155,54.6462,55.5415,56.2295,56.9667,57.6901,58.2324,43.1,58.6096,59.1282,59.6739,60.0665,60.5016,60.8818,59.9988,6.391058292,6.523525584,6.658738521,6.796754014,6.93763015,7.081426221,7.22820275
67,68,Equatorial Guinea,145.0,0.596,60.5943,5.910863,12073.95993,9.73494,GNQ,Medium,SSA,,,,,,,,,,,0.512,0.522,0.534,0.537,0.545,0.556,0.569,0.578,0.582,0.586,0.579,0.585,0.592,0.594,0.598,0.603,0.603,0.601,0.601,0.605,0.599,50.8598,50.9695,51.1127,51.3077,51.4151,51.5915,51.7268,52.0606,52.3822,52.7524,53.2264,53.6364,54.0851,54.5812,55.0363,55.4644,56.0459,56.5398,57.0742,57.4312,57.8777,58.4121,58.8646,59.2236,58.7,59.5947,60.1032,60.4786,60.8205,61.1914,61.6444,60.7083,,,,,,,
68,69,Greece,33.0,0.887,80.1106,11.40853024,29002.48545,20.02878952,GRC,Very High,,0.759,0.769,0.769,0.769,0.774,0.777,0.782,0.789,0.799,0.801,0.81,0.82,0.83,0.835,0.843,0.855,0.863,0.858,0.863,0.866,0.869,0.865,0.866,0.871,0.879,0.88,0.877,0.88,0.886,0.889,0.886,77.2959,77.3694,77.282,77.654,77.8029,77.8214,77.9568,78.3187,78.2311,78.3498,78.3771,78.8359,78.9691,79.0293,79.2893,79.5899,79.7073,79.612,80.049,80.2994,80.5102,80.5469,80.3409,80.9738,81.6,81.007,80.6676,81.1617,80.8501,81.3907,81.2489,80.9092,12.38533974,12.93603039,12.83633995,12.63654995,12.80976963,12.81266975,12.96411991
69,70,Grenada,68.0,0.795,74.9362,9.032104,13483.5774,18.66202035,GRD,High,LAC,,,,,,,,,,,,,0.739,0.747,0.742,0.763,0.765,0.773,0.778,0.777,0.782,0.786,0.784,0.787,0.787,0.79,0.791,0.794,0.797,0.8,0.792,70.6834,70.9738,71.291,71.5761,71.7856,72.1095,72.3312,72.5677,72.8047,72.9026,72.7829,73.1181,73.167,73.1875,71.7876,73.5214,73.7004,74.3165,74.6558,75.0363,74.9988,75.2947,75.0416,75.1161,68.3,74.985,75.0125,74.7622,74.7652,74.8076,74.8632,74.9238,14.39464777,14.55154526,14.7101529,14.87048932,15.03257335,15.19642405,15.36206068
70,71,Guatemala,135.0,0.627,69.2368,5.681300163,8723.285317,10.56245041,GTM,Medium,LAC,0.484,0.488,0.492,0.497,0.501,0.508,0.516,0.525,0.534,0.542,0.55,0.556,0.561,0.566,0.571,0.574,0.581,0.59,0.596,0.6,0.605,0.611,0.616,0.62,0.637,0.639,0.639,0.64,0.64,0.642,0.635,62.4728,62.7252,62.9135,63.3495,63.726,64.1954,64.8632,65.5357,66.1137,66.8686,67.4459,67.9464,68.3865,68.7969,69.1648,69.1675,69.8124,70.1002,70.3556,70.6414,70.8783,71.1769,71.463,71.728,58.2,71.9638,72.103,72.3547,72.5506,72.7257,73.1289,71.7969,6.506764516,6.573509413,6.640938964,6.709060192,6.777880192,6.935319901,7.22197846
71,72,Guyana,108.0,0.714,65.6734,8.617477,22464.65734,12.50272216,GUY,High,LAC,0.509,0.505,0.52,0.534,0.544,0.549,0.559,0.564,0.569,0.573,0.577,0.584,0.59,0.598,0.612,0.622,0.631,0.638,0.644,0.649,0.656,0.665,0.669,0.673,0.681,0.684,0.691,0.695,0.701,0.708,0.721,62.4149,62.6219,62.787,63.1518,63.3717,63.1358,63.2051,63.3564,63.8996,64.1698,64.4833,64.7882,64.7275,64.6003,64.9305,65.132,65.6666,66.2535,66.288,66.5625,66.743,66.9818,67.2298,67.4727,72.0,67.8818,68.2015,68.384,68.6668,68.8959,69.1239,68.4858,9.658160085,9.760267828,9.863455073,9.967733231,10.07311384,10.17960854,10.28722913
72,73,Hong Kong,4.0,0.952,85.4734,12.22620964,62606.8454,17.27816963,HKG,Very High,,0.788,0.794,0.802,0.811,0.819,0.825,0.831,0.837,0.839,0.843,0.851,0.856,0.859,0.864,0.872,0.879,0.887,0.894,0.899,0.9,0.907,0.914,0.918,0.924,0.93,0.935,0.938,0.944,0.949,0.952,0.949,77.4724,77.6981,78.0148,78.3262,78.7323,79.1505,79.4717,79.7453,80.1369,80.3446,80.7461,81.1114,81.2536,81.2243,81.4125,81.7707,82.0112,82.2309,82.3626,82.5886,82.993,83.2321,83.561,83.8058,85.5,84.0767,84.2888,84.539,84.8988,85.2456,85.2735,85.1968,13.05466606,13.17232715,13.29104873,13.41084033,13.53171161,13.6536723,13.77673221
73,74,Honduras,137.0,0.621,70.1229,7.088479996,5297.955301,10.13281417,HND,Medium,LAC,0.516,0.517,0.521,0.527,0.53,0.536,0.539,0.544,0.527,0.55,0.556,0.559,0.563,0.567,0.572,0.577,0.581,0.586,0.591,0.594,0.597,0.6,0.599,0.603,0.606,0.613,0.618,0.617,0.617,0.632,0.621,65.2428,65.7522,65.9909,66.2507,66.5743,67.139,67.4389,67.7772,62.7208,68.4216,68.6618,69.0061,69.3664,69.5071,69.7957,70.1041,70.2608,70.3765,70.4414,70.9113,71.0884,71.4386,71.7344,71.9629,63.7,72.2594,72.4871,72.5878,72.6918,72.8141,72.8811,71.4619,8.327740703,8.400770187,8.474440098,8.548110008,8.65581398,8.763517952,8.871221924
74,75,Croatia,40.0,0.858,77.5804,12.19108434,30132.28814,15.11209965,HRV,Very High,,,,,,,0.712,0.724,0.732,0.742,0.749,0.759,0.769,0.777,0.783,0.796,0.802,0.811,0.815,0.817,0.816,0.821,0.826,0.83,0.838,0.841,0.843,0.848,0.852,0.856,0.861,0.855,72.2502,70.4879,72.7094,73.2173,73.7818,73.1864,73.9103,73.8463,73.9063,74.1188,74.5836,74.6436,74.7357,74.611,75.5016,75.4083,75.9889,75.8596,76.2096,76.3923,76.8049,77.2222,77.3401,77.8427,64.1,77.9533,77.5599,78.2314,78.0832,78.337,78.7376,77.9845,9.487243058,9.933662919,10.40108895,10.89050961,11.40295982,11.25879002,11.37658978
75,76,Haiti,163.0,0.535,63.1924,5.554,2847.500746,9.7,HTI,Low,LAC,0.429,0.433,0.435,0.436,0.434,0.444,0.45,0.455,0.46,0.466,0.47,0.472,0.476,0.482,0.479,0.49,0.494,0.499,0.503,0.508,0.433,0.512,0.517,0.521,0.525,0.529,0.532,0.539,0.541,0.543,0.54,52.9753,53.3907,53.842,54.3505,54.653,55.5471,56.1543,56.5164,57.1349,57.9606,58.3652,58.4886,58.8545,59.5065,58.4755,60.4153,60.7632,61.103,61.3322,61.7409,46.0185,61.6227,62.2915,62.6047,52.3,62.9875,63.2372,63.3922,63.8538,64.0188,64.2546,64.0518,7.156425,7.23210375,7.3077825,7.38346125,7.45914,7.53481875,7.6104975
76,77,Hungary,46.0,0.846,74.5301,12.24958992,32789.01063,15.0336281,HUN,Very High,,0.72,0.715,0.714,0.722,0.731,0.735,0.741,0.749,0.756,0.763,0.773,0.782,0.791,0.798,0.801,0.806,0.814,0.817,0.823,0.825,0.828,0.83,0.831,0.84,0.838,0.838,0.843,0.845,0.849,0.853,0.849,69.3715,69.4407,69.1671,69.1803,69.6044,69.9689,70.5973,71.0035,70.9185,71.04,71.7579,72.3942,72.5074,72.5137,72.906,72.8648,73.3444,73.4316,73.9576,74.1794,74.5192,74.9232,75.1808,75.6809,76.6,75.8474,75.6517,76.1552,76.0055,76.2039,76.4543,75.7297,11.12654018,11.11417961,11.21051025,11.74056005,12.27060986,12.4127903,12.6177597
77,78,Indonesia,114.0,0.705,67.5703,8.556509972,11466.06836,13.74889386,IDN,High,EAP,0.526,0.532,0.54,0.548,0.558,0.569,0.578,0.589,0.585,0.59,0.595,0.604,0.612,0.621,0.619,0.632,0.639,0.643,0.646,0.657,0.664,0.671,0.678,0.683,0.687,0.695,0.699,0.704,0.71,0.716,0.709,63.1807,63.5371,64.1264,64.5981,64.8562,65.2375,65.355,65.7331,65.9621,66.2206,66.4334,66.7577,67.1336,67.4126,65.7503,67.6492,67.9144,68.1893,68.2261,68.4936,68.6793,68.8228,68.973,69.2641,62.0,69.5333,69.6989,69.7976,69.9356,70.3375,70.5184,68.8077,10.07166958,9.876020432,9.770970345,9.717000008,9.88506031,10.06046009,10.21537971
78,79,India,132.0,0.633,67.2398,6.655109195,6589.980037,11.87462044,IND,Medium,SA,0.434,0.437,0.442,0.446,0.452,0.458,0.466,0.471,0.478,0.486,0.491,0.496,0.503,0.516,0.525,0.534,0.543,0.553,0.56,0.565,0.575,0.588,0.598,0.607,0.619,0.629,0.639,0.644,0.645,0.645,0.642,58.6516,59.0547,59.4524,59.8152,60.2158,60.5962,60.9841,61.3876,61.7919,62.2069,62.6693,63.0913,63.616,64.0942,64.5244,64.9955,65.4123,65.7884,66.149,66.5132,66.9086,67.359,67.8872,68.4598,57.4,69.0736,69.6363,70.1167,70.4672,70.7095,70.9098,70.1499,7.996357701,8.026842836,8.057444193,8.088162214,8.118997343,8.149950027,8.175550461
79,80,Ireland,8.0,0.945,81.9976,11.58222303,76168.98443,18.94522095,IRL,Very High,,0.737,0.743,0.751,0.76,0.771,0.777,0.785,0.794,0.83,0.837,0.847,0.855,0.864,0.873,0.881,0.888,0.891,0.896,0.899,0.895,0.904,0.902,0.903,0.908,0.914,0.925,0.929,0.934,0.937,0.942,0.943,74.8418,75.031,75.4278,75.2942,75.8013,75.4783,75.83,75.98,76.1889,76.094,76.5423,77.1087,77.5999,78.1107,78.5126,78.9162,79.1518,79.5547,79.7625,80.0461,80.5226,80.6332,80.7523,80.9675,75.1,81.3067,81.4163,81.5498,81.9168,82.0863,82.2586,82.4699,12.34974957,12.36942959,12.55916023,13.04246044,13.26047993,13.32575989,13.36120987
80,81,Iran,76.0,0.774,73.8749,10.63645314,13000.7117,14.61524963,IRN,High,SA,0.601,0.62,0.627,0.634,0.64,0.647,0.655,0.662,0.669,0.677,0.685,0.693,0.701,0.704,0.712,0.717,0.727,0.733,0.735,0.738,0.745,0.754,0.768,0.769,0.773,0.776,0.786,0.789,0.787,0.783,0.777,64.3665,66.4589,66.7765,67.139,67.4684,67.7846,68.0696,68.359,68.73,69.2974,69.6909,69.9546,70.4454,69.8231,71.3703,71.8384,72.2761,72.772,72.6244,72.6979,73.0691,73.6786,74.186,74.4493,68.6,74.7825,75.1239,75.6,75.9712,76.195,76.1031,74.832,10.08364157,10.21992719,10.35805479,10.49804925,10.63993581,10.78374004,10.95379996
81,82,Iraq,121.0,0.686,70.3779,7.905593489,9977.249073,12.08747317,IRQ,Medium,AS,0.528,0.496,0.524,0.545,0.543,0.532,0.551,0.558,0.571,0.582,0.589,0.596,0.598,0.579,0.602,0.606,0.604,0.607,0.623,0.633,0.64,0.649,0.66,0.667,0.67,0.675,0.679,0.685,0.692,0.696,0.679,58.4355,62.519,66.7077,66.8969,66.7442,66.4641,66.3907,65.8372,65.4859,66.1816,66.8171,67.0339,67.0836,65.6427,65.0307,64.8438,63.5873,63.5527,64.9421,66.4457,67.0622,67.659,68.0232,68.2534,63.5,68.9136,69.4403,68.9878,70.4126,71.5143,71.5764,69.1228,9.614478,9.501616,9.388754,9.275892,9.16303,9.050168,8.937306
82,83,Iceland,3.0,0.959,82.6782,13.76716995,55782.04981,19.16305923,ISL,Very High,,0.811,0.822,0.828,0.829,0.835,0.833,0.838,0.849,0.86,0.862,0.871,0.879,0.886,0.891,0.895,0.901,0.903,0.909,0.902,0.9,0.902,0.912,0.921,0.929,0.938,0.945,0.948,0.954,0.959,0.96,0.957,78.1628,77.8361,78.6183,78.7296,79.166,78.2237,78.6165,78.9938,79.4529,79.2297,79.8915,80.7039,80.5426,80.7763,80.9788,81.2416,81.2385,81.3511,81.3883,81.5565,81.7003,82.178,82.5564,81.9289,93.7,82.6133,82.3508,82.03,82.5352,82.7703,82.4042,82.5755,14.23715019,15.29761028,15.59636021,15.46640015,15.69215965,15.82032967,15.88074017
83,84,Israel,22.0,0.919,82.255,13.3448664,41523.74319,16.05088997,ISR,Very High,,0.787,0.793,0.797,0.804,0.808,0.811,0.818,0.825,0.833,0.841,0.844,0.848,0.854,0.855,0.858,0.866,0.874,0.885,0.885,0.889,0.894,0.897,0.898,0.904,0.908,0.909,0.913,0.917,0.919,0.921,0.917,77.1942,77.0002,76.869,77.4502,77.6892,77.6352,78.2791,78.2718,78.4402,78.6971,78.9276,79.3448,79.2593,79.6242,80.1467,80.2171,80.5057,80.6651,81.0552,81.5756,81.7443,81.7274,81.7346,82.1154,80.1,82.2236,82.0999,82.4854,82.7195,82.8232,82.8123,82.3598,12.87395,13.21520996,13.42135,13.62749004,13.67351484,13.71953964,13.83495998
84,85,Italy,30.0,0.895,82.8502,10.7401104,42839.51441,16.22678947,ITA,Very High,,0.778,0.783,0.789,0.795,0.804,0.81,0.816,0.824,0.829,0.835,0.841,0.849,0.853,0.858,0.865,0.868,0.873,0.877,0.878,0.878,0.882,0.885,0.883,0.882,0.883,0.882,0.887,0.888,0.893,0.897,0.889,76.9909,76.9891,77.3642,77.6524,77.8724,78.1161,78.4367,78.7334,78.8062,79.2044,79.6072,79.8859,80.1136,80.1929,81.0199,81.023,81.4169,81.5029,81.6466,81.7633,82.1371,82.235,82.2588,82.6599,76.5,82.908,82.5255,83.0492,82.7282,83.1847,83.552,82.3953,12.81748009,12.99248028,13.24015045,13.47467041,13.9201498,14.06558037,14.23950958
85,86,Jamaica,110.0,0.709,70.5003,9.154628661,8834.47567,13.40492042,JAM,High,LAC,0.659,0.662,0.663,0.667,0.668,0.669,0.669,0.668,0.666,0.667,0.664,0.673,0.677,0.671,0.687,0.69,0.694,0.697,0.7,0.7,0.704,0.709,0.713,0.714,0.714,0.713,0.712,0.715,0.716,0.719,0.713,72.3041,72.1862,72.1885,71.9215,71.7391,71.5487,71.4877,71.2066,70.9904,70.9677,70.9442,70.758,70.8882,70.8062,70.8603,71.0438,71.1993,71.4179,71.6122,72.1238,72.6219,73.0942,73.4335,73.4119,61.3,72.982,72.394,72.0198,71.9114,71.793,71.767,71.8686,11.27081967,11.26696968,11.26312101,11.25927234,11.25542367,11.25157499,11.24772632
86,87,Jordan,102.0,0.72,74.2563,10.44668007,9923.714974,10.64655972,JOR,High,AS,0.622,0.625,0.637,0.641,0.644,0.651,0.655,0.661,0.666,0.671,0.678,0.685,0.692,0.698,0.709,0.716,0.722,0.729,0.734,0.731,0.725,0.721,0.721,0.719,0.719,0.718,0.718,0.718,0.723,0.727,0.723,69.8538,70.0929,70.3163,70.518,70.6986,70.8699,71.0643,71.2725,71.4744,71.694,71.9178,72.1467,72.3585,72.5734,72.7725,72.9321,73.1449,73.3728,73.591,73.8014,73.9996,74.1891,74.3659,74.5621,69.4,74.7889,75.0112,75.2153,75.5018,75.7743,76.044,75.1843,11.23939991,11.40272045,11.5805397,11.53104973,11.4191103,11.51270008,11.60628986
87,88,Japan,19.0,0.925,84.7839,13.36610034,42274.29134,15.22162588,JPN,Very High,,0.845,0.849,0.85,0.855,0.861,0.863,0.868,0.871,0.871,0.872,0.877,0.88,0.882,0.884,0.888,0.889,0.892,0.895,0.895,0.896,0.898,0.899,0.905,0.91,0.914,0.918,0.921,0.922,0.923,0.924,0.923,78.9838,79.2519,79.2918,79.4342,79.8238,79.6702,80.3493,80.5718,80.6402,80.6079,81.1759,81.509,81.7953,81.8558,82.1309,82.012,82.3765,82.5544,82.6382,82.9742,82.9193,82.6756,83.1755,83.4107,84.9,83.6525,83.8928,84.0664,84.1976,84.2971,84.4258,84.6879,13.01529026,13.05280018,13.0659399,13.46142483,13.85690975,13.93715954,13.98238977
88,89,Kazakhstan,56.0,0.811,69.3622,12.34756189,23942.81837,15.76500034,KAZ,Very High,ECA,0.673,0.668,0.667,0.663,0.657,0.655,0.659,0.663,0.666,0.671,0.68,0.695,0.706,0.718,0.73,0.739,0.752,0.758,0.758,0.761,0.767,0.775,0.783,0.792,0.799,0.805,0.805,0.811,0.814,0.819,0.814,64.8758,64.4876,64.1593,64.1985,63.9631,63.7216,63.6327,63.7105,63.8123,63.9854,64.1781,64.3676,64.2693,64.5543,64.8566,65.117,65.627,65.928,66.7018,67.2789,68.1157,68.7452,69.1295,69.8136,70.3,70.3334,70.7265,70.8984,71.3958,71.4717,71.5675,70.0304,12.53703022,12.46156025,12.44013023,12.25097513,12.06182003,12.08150597,12.1011919
89,90,Kenya,152.0,0.575,61.427,6.652,4473.570344,10.69855835,KEN,Medium,SSA,0.474,0.474,0.473,0.471,0.473,0.475,0.477,0.477,0.479,0.48,0.481,0.485,0.485,0.495,0.508,0.516,0.525,0.533,0.539,0.539,0.545,0.55,0.552,0.554,0.558,0.561,0.569,0.572,0.577,0.581,0.578,58.6145,58.0052,57.2589,56.6168,56.2727,55.617,55.1612,54.816,54.5264,54.4948,54.4112,54.5079,54.9896,55.601,56.3615,57.344,58.2222,58.8651,59.6141,60.3649,60.649,61.0458,61.1152,61.3891,54.3,61.8162,61.8922,62.1632,62.4808,62.6765,62.9432,62.6755,7.605321279,7.678211181,7.751799664,7.826093425,7.90255072,7.979008016,8.055465311
90,91,Kyrgyzstan,118.0,0.692,69.9774,11.37410556,4566.303831,13.1953001,KGZ,Medium,ECA,0.638,0.632,0.622,0.609,0.591,0.587,0.594,0.603,0.609,0.616,0.621,0.63,0.631,0.64,0.643,0.644,0.65,0.656,0.66,0.663,0.664,0.665,0.675,0.682,0.688,0.69,0.693,0.696,0.698,0.698,0.689,64.2722,64.2799,64.0521,63.8221,63.7475,63.927,64.276,64.5854,65.1138,65.5818,65.3982,65.7632,65.8621,66.1857,66.2967,66.3854,66.7778,67.0064,67.2492,67.7835,68.254,68.5778,68.9933,69.2173,62.8,69.8862,69.9963,70.2761,70.5877,70.728,71.2301,69.6291,12.02089977,11.79125023,11.62413025,11.25551987,10.82456017,10.57563972,10.60842991
91,92,Cambodia,146.0,0.593,69.5835,5.088,4078.697154,11.46772,KHM,Medium,EAP,0.378,0.383,0.387,0.39,0.392,0.397,0.4,0.404,0.407,0.416,0.425,0.441,0.461,0.475,0.488,0.499,0.51,0.521,0.528,0.534,0.54,0.548,0.555,0.562,0.569,0.574,0.581,0.586,0.591,0.598,0.596,55.4341,55.7927,56.0214,56.0803,56.0355,56.3076,56.3458,56.7434,57.0275,57.69,58.6253,59.9664,61.2262,62.5229,63.5524,64.2933,65.0593,65.7314,66.4698,67.4439,67.7123,68.4163,68.9149,69.3042,58.2,69.7364,69.8725,70.2244,70.5153,70.5609,70.6923,70.416,7.032154138,7.091509819,7.151366499,7.211223178,7.271079858,7.330936538,7.390793218
92,93,Kiribati,136.0,0.624,67.4172,7.984461822,4062.586034,11.801993,KIR,Medium,EAP,,,,,,,,,,,0.549,0.59,0.587,0.593,0.59,0.591,0.586,0.587,0.588,0.585,0.589,0.587,0.594,0.602,0.61,0.622,0.617,0.621,0.622,0.63,0.623,60.9174,61.4222,61.8931,62.321,62.6973,63.0135,63.2909,63.5751,63.854,64.136,64.4091,64.655,64.8402,64.9539,64.9893,64.9666,64.9058,64.8436,64.8335,64.8924,65.0161,65.1901,65.3776,65.5884,52.6,65.8147,66.0589,66.3316,66.5965,66.8545,67.1497,67.2659,10.44217968,10.83154011,10.97579002,10.96735001,10.95890999,10.85208988,11.01930046
93,94,Saint Kitts and Nevis,75.0,0.777,71.6822,8.662745,23358.33212,15.42769157,KNA,High,LAC,,,,,,,,,,,,,,,,0.746,0.75,0.753,0.757,0.758,0.759,0.764,0.766,0.77,0.772,0.772,0.779,0.778,0.779,0.783,0.779,65.1875,66.1495,66.9718,67.5802,67.2936,67.1523,67.3127,67.8525,67.6902,68.7088,69.7815,70.1995,70.4518,70.7676,71.303,71.3616,71.2885,71.3668,71.3738,71.3927,71.2705,71.5378,71.669,71.457,68.3,70.9659,70.763,71.7405,71.8399,71.4671,71.5717,71.6266,12.69515827,12.89924386,13.1066103,13.31731033,13.39694099,13.47657166,13.55620232
94,95,South Korea,19.0,0.925,83.6978,12.51293027,44500.93187,16.52173996,KOR,Very High,,0.737,0.747,0.754,0.763,0.773,0.783,0.793,0.806,0.804,0.815,0.825,0.833,0.84,0.844,0.852,0.86,0.866,0.871,0.875,0.877,0.89,0.896,0.897,0.901,0.906,0.909,0.912,0.916,0.919,0.923,0.922,71.9401,72.4207,72.9564,73.283,73.6111,73.9409,74.2757,74.9707,75.4636,76.0027,76.4661,77.2697,77.5435,77.5473,78.006,78.5192,79.0754,79.48,80.0441,80.5759,80.763,81.2098,81.3473,81.8637,81.3,82.3781,82.5605,82.9259,83.2855,83.3427,83.6557,83.6089,13.58104992,13.70800972,13.71677971,13.93517971,14.24011993,14.50240993,14.8838501
95,96,Kuwait,50.0,0.831,78.6729,7.328022618,52919.76137,15.32443332,KWT,Very High,AS,0.718,0.68,0.678,0.705,0.733,0.759,0.782,0.786,0.789,0.787,0.787,0.781,0.784,0.793,0.797,0.798,0.799,0.802,0.807,0.81,0.813,0.82,0.826,0.819,0.823,0.83,0.833,0.835,0.836,0.839,0.822,73.2805,74.2164,75.6914,75.7944,75.7633,75.5368,75.6184,75.8787,76.1569,76.4159,76.722,76.8915,76.9822,76.9848,76.7924,76.9027,76.8868,77.0168,77.1455,77.4416,77.9817,78.4636,78.8118,79.1641,67.5,79.4449,79.5624,79.7011,79.7806,79.7217,79.685,76.9198,10.94134045,9.095980167,7.250619888,8.267809868,9.852399826,11.45228958,12.9972496
96,97,Lao,140.0,0.607,68.0608,5.374,7699.579617,10.13611031,LAO,Medium,EAP,0.405,0.412,0.417,0.424,0.432,0.434,0.447,0.454,0.46,0.466,0.47,0.476,0.484,0.493,0.5,0.51,0.511,0.525,0.532,0.543,0.551,0.563,0.572,0.582,0.592,0.599,0.604,0.607,0.607,0.61,0.608,53.7128,54.4604,54.9521,55.4349,55.7495,56.3851,56.8905,57.2917,57.6646,57.8728,58.3779,59.0698,59.5342,60.0314,60.2929,60.9802,61.4929,62.0844,62.6029,63.2726,63.9731,64.7362,65.3554,65.7182,56.1,66.3605,66.67,67.1667,67.4344,67.6341,68.1382,68.4968,6.586619854,6.683733304,6.780846755,6.877960205,7.162789822,6.842470169,7.45126009
97,98,Lebanon,112.0,0.706,75.0472,8.718636,9525.831467,11.28587,LBN,High,AS,,,,,,,,,,,,,,,,0.737,0.734,0.752,0.76,0.767,0.77,0.771,0.762,0.759,0.75,0.746,0.743,0.75,0.75,0.745,0.726,64.4747,71.1761,71.1924,71.3824,71.6808,72.0432,72.2931,72.7779,72.9436,73.4905,73.9309,74.3648,75.0642,75.5932,75.9761,76.2726,76.0796,77.0801,77.5844,77.8892,78.1559,78.4036,78.6284,78.7652,64.8,78.9727,79.2294,79.5054,79.6543,79.729,79.2359,77.8038,11.71200857,11.86972429,12.02744,12.1912475,12.355055,12.5188625,12.68267
98,99,Liberia,178.0,0.481,60.7472,5.082,1288.74235,10.42078972,LBR,Low,SSA,,,,,,,,,,0.397,0.438,0.443,0.447,0.422,0.434,0.437,0.443,0.448,0.453,0.456,0.46,0.464,0.47,0.475,0.472,0.473,0.478,0.481,0.483,0.484,0.48,36.6883,42.795,42.7378,42.1661,41.7956,43.9166,44.4188,47.8468,48.9009,49.9526,51.356,52.7518,53.7879,53.0424,56.0131,56.9117,57.6199,58.2845,58.7717,59.1942,59.4331,59.6198,59.9128,59.9426,43.3,59.1208,59.1485,60.4162,60.5535,60.8532,61.1044,60.9476,,,,,,,
99,100,Libya,104.0,0.718,71.9112,7.599985,15335.712,12.85428,LBY,High,AS,0.666,0.677,0.681,0.684,0.689,0.694,0.699,0.704,0.706,0.709,0.712,0.716,0.716,0.724,0.731,0.735,0.739,0.741,0.741,0.738,0.739,0.69,0.726,0.716,0.699,0.699,0.696,0.714,0.722,0.722,0.703,69.4231,69.8204,70.2324,70.4202,70.7063,71.0895,71.2843,71.1292,71.0788,71.0585,70.6804,70.8611,71.004,71.1322,71.4896,71.5917,71.7237,71.8628,72.2687,72.3555,72.3741,70.0707,72.2473,72.3397,63.4,71.5114,71.6982,71.756,72.4818,72.7938,72.4634,72.4722,14.01656053,14.18063632,14.34471211,14.50878789,14.67286368,14.83693947,15.00101526
100,101,Saint Lucia,106.0,0.715,71.1114,8.545040131,12048.30381,12.86610985,LCA,High,LAC,0.69,0.691,0.695,0.695,0.695,0.694,0.696,0.695,0.697,0.698,0.698,0.697,0.699,0.701,0.704,0.709,0.718,0.718,0.723,0.725,0.728,0.734,0.734,0.734,0.735,0.737,0.744,0.744,0.746,0.735,0.723,70.3261,70.6019,70.799,71.1142,70.9915,71.0024,70.9038,70.7747,70.6904,70.7094,70.7678,71.1345,71.472,71.7707,72.0276,72.2445,72.4654,72.5985,72.6977,72.7222,72.7196,72.944,72.8821,72.7353,57.3,72.8638,73.1381,73.1116,73.1275,73.3569,73.4449,73.416,13.84337435,13.72099753,13.59970253,13.47947979,13.36031983,13.24115987,13.12199991
101,102,Liechtenstein,16.0,0.935,83.2575,12.53854,146829.7006,15.18157005,LIE,Very High,,,,,,,,,,,,0.873,0.888,0.891,0.895,0.907,0.901,0.905,0.907,0.917,0.911,0.913,0.918,0.923,0.922,0.92,0.924,0.923,0.933,0.928,0.94,0.933,75.8628,76.5068,77.2209,76.6858,78.6279,77.5759,76.8357,76.0915,77.8321,79.2801,76.9804,79.4788,79.8533,80.1791,82.0,80.8225,81.16,81.5032,82.8849,81.6802,81.9987,81.9326,82.4981,82.425,82.0,82.2187,82.8061,82.3932,83.8916,83.1462,84.3094,82.797,,,,,,,
102,103,Sri Lanka,73.0,0.782,76.3991,10.82730007,12578.22055,14.13990486,LKA,High,SA,0.636,0.641,0.65,0.658,0.663,0.666,0.672,0.678,0.683,0.691,0.688,0.69,0.694,0.699,0.683,0.71,0.714,0.719,0.721,0.713,0.737,0.744,0.751,0.756,0.76,0.764,0.767,0.771,0.776,0.778,0.78,71.9268,71.7512,72.5298,73.052,72.8818,72.2601,72.2615,72.1364,72.081,72.6183,70.355,70.7866,71.1165,71.3726,67.0914,72.1182,71.9693,72.0488,71.7288,69.1873,73.215,73.38,73.9058,74.2388,68.7,74.6508,74.9275,75.3314,75.4035,75.748,76.0084,76.3929,11.24841313,11.36073368,11.47417581,11.5887507,11.70446968,11.82370156,11.94293344
103,104,Lesotho,168.0,0.514,53.062,6.010184707,2700.435748,12.04087801,LSO,Low,SSA,0.479,0.478,0.476,0.472,0.475,0.472,0.467,0.462,0.46,0.452,0.452,0.448,0.446,0.449,0.448,0.448,0.446,0.452,0.457,0.457,0.467,0.475,0.486,0.49,0.496,0.503,0.514,0.518,0.522,0.524,0.521,59.3983,59.1931,58.555,57.9912,58.0183,56.7232,55.2321,53.5942,51.7833,50.0806,48.4266,46.8493,45.5946,44.5296,43.7108,43.2325,42.9136,43.1225,43.5657,44.034,45.5955,46.6919,47.8354,49.0024,42.2,50.0327,51.1014,52.2641,53.0636,53.733,54.1726,54.6933,8.651200294,8.7855196,8.733690262,8.460089684,8.75881958,8.821840286,8.735159874
104,105,Lithuania,35.0,0.875,73.7201,13.49810028,37931.30359,16.28506088,LTU,Very High,,0.734,0.729,0.714,0.697,0.693,0.701,0.717,0.732,0.744,0.753,0.766,0.776,0.786,0.8,0.809,0.817,0.823,0.83,0.84,0.839,0.842,0.849,0.851,0.854,0.861,0.862,0.868,0.876,0.88,0.884,0.879,71.0085,70.5662,70.4432,68.9906,68.9107,69.3271,70.2314,70.9131,71.1886,71.5625,72.0888,71.7902,71.8008,72.1439,72.228,71.7418,71.5768,71.5366,72.417,73.1775,73.4236,73.9256,74.2029,74.3116,77.9,74.8426,74.6103,74.8816,75.4399,75.6767,76.2119,75.0676,12.84978008,12.63996983,12.19863033,11.84232998,11.76371002,11.97601032,12.40145016
105,106,Luxembourg,17.0,0.93,82.6287,13.01519217,84649.47467,14.39813995,LUX,Very High,,0.786,0.796,0.8,0.81,0.819,0.824,0.832,0.839,0.846,0.861,0.864,0.869,0.874,0.873,0.882,0.884,0.885,0.887,0.9,0.905,0.912,0.913,0.916,0.921,0.926,0.915,0.923,0.919,0.922,0.927,0.924,75.6045,75.8332,75.3879,75.9415,76.4662,76.7049,76.597,76.8887,77.0021,77.621,77.8112,78.1614,78.3607,77.7679,79.2197,79.4015,79.4147,79.4774,80.4718,80.6129,80.5731,80.7663,80.9818,81.3663,85.7,81.7343,81.8384,82.0535,81.734,81.8035,82.1434,81.4335,10.5273252,10.8223003,11.12554058,11.43727764,11.75774956,11.82686996,12.2501297
106,107,Latvia,39.0,0.863,73.5786,13.25271988,32803.23423,16.20252991,LVA,Very High,,0.73,0.727,0.706,0.69,0.687,0.696,0.711,0.722,0.733,0.746,0.756,0.767,0.778,0.787,0.799,0.808,0.815,0.82,0.827,0.826,0.824,0.831,0.833,0.843,0.846,0.85,0.855,0.86,0.866,0.871,0.871,69.1956,69.1698,68.7405,67.2309,66.2332,67.015,68.9333,69.3086,69.1628,69.9127,70.2517,70.0696,70.3509,70.6236,70.9252,70.7781,70.877,71.0566,72.0358,72.754,72.9538,73.6934,73.7447,74.1825,87.1,74.4319,74.6854,74.7535,74.8054,75.0012,75.5337,75.4526,12.66884041,12.55290985,12.36756039,11.88483047,11.5771904,11.63290977,11.89087963
107,108,Morocco,123.0,0.683,74.0419,5.916,7302.81917,14.15190983,MAR,Medium,AS,0.447,0.453,0.457,0.463,0.475,0.478,0.49,0.494,0.501,0.511,0.521,0.532,0.542,0.552,0.56,0.567,0.573,0.581,0.588,0.594,0.603,0.614,0.624,0.635,0.644,0.654,0.661,0.67,0.676,0.682,0.679,62.4478,62.9464,63.4015,63.8721,64.3461,64.7358,65.2381,65.6293,66.0176,66.4062,66.7869,67.1798,67.5468,67.915,68.231,68.7039,69.1282,69.604,70.0481,70.4578,70.8288,71.2691,71.6789,72.1223,62.3,72.5377,72.9197,73.284,73.6603,73.9863,74.2705,73.9199,6.517419815,6.496779919,6.601980209,6.822780132,7.084599972,7.315730095,7.467455149
108,109,Monaco,,,85.9463,,,,MCO,,,,,,,,,,,,,,,,,,,,,,,,,,,,,,,,,,75.8078,76.3011,76.8424,77.4391,78.1133,78.7799,79.4195,80.0605,80.5857,81.085,81.5659,82.0539,82.5074,83.2861,84.2292,84.8081,84.6351,83.9201,83.1918,84.2081,84.6304,85.6032,84.5293,84.8656,66.1,84.8804,85.2585,85.7228,85.6525,86.4643,86.5424,86.538,,,,,,,
109,110,Moldova,80.0,0.767,68.8459,11.82159042,14875.33189,14.43299961,MDA,High,ECA,0.653,0.644,0.632,0.634,0.614,0.618,0.617,0.626,0.628,0.631,0.641,0.652,0.663,0.674,0.685,0.695,0.704,0.713,0.723,0.723,0.73,0.736,0.741,0.746,0.75,0.749,0.756,0.765,0.768,0.774,0.766,68.0673,66.9771,66.9605,66.5434,65.0701,65.0985,64.2414,65.1717,65.5054,65.5609,66.4168,66.7866,66.9379,67.4194,67.8612,68.1689,68.4794,68.9471,69.3936,69.5732,69.3569,69.1919,69.1431,69.0988,68.7,69.0307,69.2396,69.9169,70.5155,70.4916,70.9351,70.1665,7.134404363,7.367374644,7.607952448,7.856386197,8.11293242,8.377856028,8.651430579
110,111,Madagascar,173.0,0.501,64.4853,5.120468534,1483.520983,10.13499142,MDG,Low,SSA,,,,,,,,,,0.436,0.443,0.451,0.447,0.457,0.465,0.469,0.475,0.482,0.49,0.493,0.492,0.494,0.496,0.499,0.502,0.504,0.505,0.507,0.507,0.51,0.501,51.7009,52.3566,53.0386,53.906,54.4362,54.9612,55.522,56.2233,56.9169,57.3717,57.9382,58.5702,58.8925,59.491,60.1487,60.5697,61.3152,61.7571,62.1418,62.7343,62.8729,63.4942,63.5436,63.9616,35.5,64.2553,64.339,64.9969,65.0938,65.2697,65.8821,65.182,6.326340199,6.511512884,6.696685568,6.881858253,7.067030938,7.252203623,7.437376308
111,112,Maldives,90.0,0.747,79.9182,7.322,15448.12788,12.63560963,MDV,High,SA,,,,,,0.582,0.593,0.6,0.606,0.619,0.628,0.633,0.636,0.65,0.65,0.649,0.664,0.665,0.677,0.68,0.688,0.7,0.709,0.718,0.728,0.736,0.741,0.746,0.75,0.755,0.734,63.5777,64.3044,65.0067,65.7392,66.5106,67.476,68.7023,69.2255,69.5716,70.0878,70.8759,72.1809,73.2915,74.0602,73.5379,74.7506,75.1296,75.6858,76.5428,77.0689,77.6573,78.1245,78.6822,79.0566,67.1,79.424,79.6953,79.872,79.9429,80.0132,80.116,79.8747,,,,,,9.747140926,10.02378135
112,113,Mexico,86.0,0.758,70.2127,9.221050262,17896.29498,14.86443996,MEX,High,LAC,0.662,0.664,0.667,0.669,0.674,0.674,0.681,0.688,0.696,0.702,0.709,0.712,0.719,0.725,0.73,0.733,0.741,0.743,0.745,0.745,0.746,0.752,0.76,0.76,0.764,0.768,0.772,0.775,0.777,0.779,0.756,69.9707,70.2977,70.6161,70.9423,71.2787,71.6457,72.0369,72.4454,72.8448,73.2249,73.5692,73.8668,74.1059,74.2743,74.372,74.3765,74.3313,74.2384,74.1524,74.119,74.1901,74.3651,74.574,74.7391,68.5,74.7974,74.6822,74.4122,74.1378,74.0146,74.2021,70.1328,10.94775963,10.76844025,10.73659992,10.7047596,10.80282021,10.93690968,11.06879997
113,114,Marshall Islands,131.0,0.639,65.2688,10.88313961,4619.535393,10.2393198,MHL,Medium,EAP,,,,,,,,,,,,,,,,,,,,,,0.633,0.628,0.632,0.633,0.638,0.637,0.638,0.639,0.64,0.639,62.1758,62.2817,62.3834,62.4759,62.5584,62.774,63.0339,63.2253,63.3636,63.48,63.2748,63.6425,63.7195,63.7451,63.6954,63.5852,63.4894,63.3597,63.2355,63.2295,63.2261,63.2558,63.3733,63.4642,69.8,63.6229,63.8274,64.0569,64.2696,64.5001,64.7458,64.977,,,,,,,
114,115,North Macedonia,78.0,0.77,73.8415,10.22815037,15917.75283,13.62443234,MKD,High,ECA,,,,,,0.642,0.65,0.655,0.661,0.669,0.675,0.679,0.683,0.688,0.694,0.699,0.707,0.711,0.73,0.733,0.738,0.741,0.743,0.75,0.755,0.762,0.767,0.773,0.779,0.784,0.774,71.1968,71.8149,71.2002,71.88,71.491,71.6738,72.2347,72.2737,72.4047,72.7739,72.8567,73.233,73.1458,73.3865,73.7816,73.7446,73.9988,73.9042,74.5326,74.7186,75.1187,75.1869,75.1399,75.8657,68.3,75.9347,75.9814,76.0296,76.4766,77.3142,77.2928,75.1677,10.3518902,10.44338258,10.5356836,10.62880039,10.72274017,10.93083954,11.11662006
115,116,Mali,186.0,0.428,58.9414,2.31,2132.629443,7.423037617,MLI,Low,SSA,0.237,0.245,0.249,0.257,0.264,0.27,0.277,0.289,0.299,0.311,0.317,0.329,0.338,0.35,0.357,0.366,0.375,0.382,0.39,0.397,0.404,0.409,0.407,0.407,0.415,0.416,0.421,0.426,0.43,0.433,0.427,46.6204,47.2164,47.4957,47.7325,47.7415,47.8157,47.7916,48.5312,49.1643,49.7966,50.5393,51.2838,52.2222,52.8926,53.5385,54.0029,54.6149,54.9411,55.2907,55.8745,56.3817,56.7553,57.0792,57.3567,40.0,57.9003,58.3632,58.7313,59.1322,59.3934,59.6637,58.6331,2.076570034,2.160510063,2.32198,2.548599958,2.796649933,3.044699907,3.30328989
116,117,Malta,23.0,0.918,83.7769,12.21026039,38884.45623,16.83856964,MLT,Very High,,0.73,0.733,0.737,0.747,0.751,0.758,0.756,0.766,0.776,0.78,0.779,0.796,0.8,0.812,0.825,0.832,0.831,0.837,0.841,0.847,0.861,0.857,0.864,0.872,0.881,0.889,0.891,0.901,0.91,0.915,0.911,75.9846,75.4583,75.3819,76.6963,76.6209,77.0909,76.1885,77.3231,77.7172,77.8655,77.58,79.015,78.4667,78.7634,79.1944,79.6465,79.7788,80.0877,80.0945,80.676,81.8134,81.1465,81.3905,82.0149,82.4,82.7362,82.9621,83.1107,83.5867,83.3448,83.2065,83.3545,12.67961025,12.82454014,12.94983959,13.11435986,13.20353031,13.3376503,13.36067009
117,118,Myanmar,149.0,0.585,65.6716,6.37680006,3850.524234,10.90913752,MMR,Medium,EAP,0.333,0.343,0.356,0.363,0.369,0.374,0.381,0.385,0.392,0.401,0.41,0.42,0.43,0.44,0.45,0.46,0.47,0.48,0.465,0.501,0.51,0.521,0.531,0.543,0.553,0.562,0.572,0.58,0.59,0.598,0.6,56.6607,57.0135,57.2511,57.6313,57.9564,58.259,58.9408,59.2429,59.7936,59.8806,60.1546,60.4159,60.7248,60.9803,61.2496,61.5985,61.8931,62.3709,56.5056,63.1547,63.3294,63.9007,64.1412,64.8148,46.8,65.0563,65.5613,65.685,65.843,66.4646,66.6104,66.797,6.001580238,6.567095041,7.132609844,7.261940002,7.352530003,7.283170223,7.347003539
118,119,Montenegro,49.0,0.832,76.3426,12.17648306,20838.80129,15.08160973,MNE,Very High,ECA,,,,,,,,,,,,,,0.756,0.764,0.767,0.776,0.787,0.8,0.8,0.808,0.811,0.812,0.817,0.819,0.822,0.824,0.83,0.834,0.837,0.826,75.5211,75.5333,74.3526,74.6517,73.3894,74.1951,73.5833,73.5693,73.3662,72.7553,73.9793,74.2326,74.0432,74.0749,74.6954,74.262,74.0494,74.5255,75.305,75.2687,76.1387,76.0684,76.3268,76.6085,80.6,76.7465,76.7561,76.7462,76.9388,77.1595,77.0396,76.2575,,,,,,,
119,120,Mongolia,96.0,0.739,70.9754,9.423700333,10588.22532,14.98034954,MNG,High,EAP,0.579,0.575,0.564,0.551,0.555,0.56,0.564,0.572,0.583,0.591,0.598,0.609,0.617,0.631,0.647,0.658,0.669,0.68,0.691,0.695,0.701,0.709,0.718,0.726,0.729,0.732,0.733,0.732,0.743,0.746,0.745,58.7649,59.2369,59.6413,60.038,60.4048,60.6125,60.305,60.8154,61.7647,62.5293,62.8821,63.2786,63.5178,64.2078,64.7955,64.8787,65.5128,65.9701,66.3821,66.7658,67.1822,67.4393,68.1114,68.5854,70.3,69.0472,69.4977,69.8647,70.2375,71.1992,71.8221,72.141,10.1633997,9.719189644,8.841150284,7.741680145,7.685860157,7.67553997,8.023679733
120,121,Mozambique,185.0,0.446,59.3247,3.197641838,1198.073924,10.2191516,MOZ,Low,SSA,0.238,0.24,0.234,0.239,0.242,0.247,0.259,0.272,0.283,0.296,0.303,0.316,0.324,0.337,0.347,0.357,0.364,0.377,0.387,0.395,0.402,0.407,0.413,0.427,0.433,0.44,0.443,0.445,0.451,0.456,0.453,44.469,44.6596,44.9492,45.3543,45.6065,46.04,46.6362,47.4078,48.0241,48.812,49.4912,50.0653,50.5895,50.8696,51.2495,51.561,51.961,52.5664,53.1639,53.7876,54.1984,54.869,55.6387,56.4919,44.1,57.2742,58.1509,59.038,59.7709,60.5261,61.1662,61.1722,3.708847485,3.702022453,3.69520998,3.688410044,3.819499969,4.073319912,4.434274912
121,122,Mauritania,158.0,0.556,64.3636,4.918804891,5075.305711,9.376159668,MRT,Medium,SSA,0.397,0.402,0.411,0.423,0.435,0.441,0.449,0.45,0.459,0.465,0.465,0.466,0.47,0.475,0.486,0.49,0.5,0.499,0.499,0.508,0.51,0.515,0.523,0.531,0.537,0.544,0.541,0.545,0.556,0.563,0.556,59.7696,59.9361,60.2614,60.379,60.3358,60.259,60.0633,60.4521,60.6093,60.8187,61.0282,61.1852,61.2679,61.3473,61.5931,61.656,61.8909,62.2285,62.399,62.8005,63.1049,63.3456,63.5779,63.9106,45.5,64.1546,64.4847,64.7679,65.0827,65.31,65.6869,64.5321,3.717259884,3.828249931,4.146910191,4.642859936,5.327489853,5.474870205,5.728159904
122,123,Mauritius,63.0,0.802,73.5552,10.42791048,22025.34631,15.17352977,MUS,Very High,SSA,0.626,0.633,0.639,0.643,0.646,0.651,0.654,0.66,0.667,0.674,0.681,0.69,0.694,0.703,0.71,0.719,0.726,0.734,0.741,0.749,0.755,0.762,0.775,0.782,0.793,0.795,0.801,0.805,0.811,0.817,0.804,69.3874,70.0994,70.2878,70.2711,70.3387,70.5263,70.4176,70.6451,70.7884,71.3651,71.6366,71.8868,72.0109,72.2796,72.4841,72.6748,72.8912,73.0795,73.3384,73.6335,73.9987,74.2406,74.368,74.7117,79.2,74.8523,74.9754,75.0114,74.8812,74.9194,75.1179,74.3306,10.4981699,10.64156659,10.78496329,10.92835999,11.07175668,11.21515338,11.35855007
123,124,Malawi,169.0,0.512,62.9044,4.489695385,1465.635064,12.67898523,MWI,Low,SSA,0.303,0.309,0.319,0.327,0.326,0.367,0.368,0.369,0.369,0.375,0.374,0.38,0.386,0.393,0.4,0.406,0.415,0.423,0.433,0.445,0.456,0.463,0.47,0.478,0.487,0.491,0.498,0.505,0.51,0.519,0.516,43.3227,43.3124,43.4126,43.3876,43.5613,43.6414,43.4408,43.1312,42.8479,43.568,44.5181,45.895,47.2214,48.79,50.4534,52.0445,53.2377,53.946,54.6036,55.4476,56.3806,57.4547,58.6786,59.7288,39.1,60.8991,61.3781,62.2093,62.9769,63.2758,64.1188,63.7167,5.529300213,5.745250225,6.851079941,7.150440216,7.435420036,10.89968967,10.68700981
124,125,Malaysia,62.0,0.803,74.8839,10.64505959,26657.94355,13.34304047,MYS,Very High,EAP,0.64,0.648,0.656,0.663,0.671,0.679,0.689,0.7,0.703,0.709,0.721,0.722,0.724,0.732,0.735,0.732,0.736,0.747,0.756,0.762,0.769,0.773,0.78,0.785,0.792,0.797,0.803,0.805,0.807,0.81,0.806,71.3071,71.4417,71.5257,71.8256,72.1627,72.3838,72.3266,72.2836,72.1684,72.2828,72.7755,73.3439,73.5627,73.7964,73.8985,74.0959,74.1642,74.2109,74.2502,74.2266,74.4423,74.7459,74.944,75.0348,75.2,75.1459,75.0942,75.2888,75.4763,75.6444,75.7603,75.9378,9.827679634,9.987910271,10.17436981,10.16162014,10.22583008,10.28680992,10.72850672
125,126,Namibia,139.0,0.615,59.269,7.192013277,8633.504452,11.92720692,NAM,Medium,SSA,0.579,0.585,0.588,0.588,0.587,0.582,0.571,0.562,0.557,0.548,0.546,0.543,0.545,0.548,0.552,0.555,0.561,0.569,0.576,0.581,0.585,0.592,0.601,0.611,0.621,0.628,0.632,0.635,0.636,0.639,0.633,62.4964,62.0982,61.5449,60.8596,59.8463,58.634,56.9178,55.5576,54.1014,53.036,51.9903,51.2604,51.2539,51.0832,51.2464,51.7866,52.6551,53.6799,54.6529,55.4959,56.0153,56.553,57.64,58.6938,66.3,59.8217,60.7002,61.6825,62.2931,62.5859,63.075,62.829,10.42286942,10.83835983,11.27041308,11.70246633,12.13451958,12.01089954,11.8145299
126,127,Niger,189.0,0.4,61.5763,2.116717299,1239.866936,6.957111988,NER,Low,SSA,0.216,0.218,0.222,0.227,0.232,0.238,0.243,0.248,0.256,0.259,0.262,0.268,0.274,0.278,0.289,0.298,0.306,0.311,0.32,0.327,0.338,0.346,0.354,0.362,0.37,0.376,0.383,0.39,0.399,0.406,0.401,41.8517,42.2176,42.9473,43.8172,44.7137,45.7738,46.6763,47.5053,48.1905,48.7377,49.3216,49.8407,50.5616,51.4344,52.5891,53.59,54.5965,55.5533,56.508,57.3961,58.3668,58.9941,59.6498,60.239,31.0,60.786,61.0827,61.6288,62.1599,62.4544,62.8967,61.4506,2.059570074,2.089375019,2.119179964,2.204723597,2.290267229,2.375810862,2.461354494
127,128,Nigeria,163.0,0.535,52.676,7.181074153,4790.284425,10.12758388,NGA,Low,SSA,,,,,,,,,,,,,,0.45,0.462,0.469,0.477,0.48,0.484,0.484,0.482,0.492,0.499,0.506,0.512,0.516,0.521,0.526,0.531,0.538,0.535,46.0374,45.6908,45.6678,45.7879,45.5132,45.487,45.5666,45.7924,46.0363,46.6139,47.1928,47.6187,47.9285,48.4405,48.7672,49.297,49.7305,50.033,50.2251,50.7124,50.9448,51.3573,51.4973,51.7068,45.3,51.7911,51.8413,52.0427,52.3052,52.5536,52.9104,52.887,5.6963701,5.884754825,6.079369625,6.280420532,6.488120397,6.702689106,6.92435382
128,129,Nicaragua,126.0,0.667,73.8368,7.144,5624.793595,12.64135783,NIC,Medium,LAC,0.49,0.5,0.505,0.508,0.513,0.522,0.532,0.542,0.544,0.559,0.566,0.571,0.575,0.578,0.582,0.588,0.593,0.599,0.605,0.606,0.614,0.622,0.629,0.634,0.641,0.647,0.653,0.659,0.662,0.664,0.654,63.0963,63.9307,64.2657,64.6846,65.1813,65.6078,66.0519,66.515,65.2092,67.1202,67.2335,67.2145,67.1799,67.2174,67.4233,67.9359,68.7246,69.5595,70.5863,71.4328,72.009,72.4162,72.6148,72.7044,60.5,72.8121,72.983,73.2562,73.5536,73.8497,74.0543,71.7954,7.488699913,8.013589859,8.173259735,8.340353012,8.507446289,8.674539566,8.987131119
129,130,Netherlands,10.0,0.941,81.6873,12.58162975,55979.411,18.69316522,NLD,Very High,,0.847,0.852,0.853,0.855,0.881,0.878,0.882,0.883,0.886,0.888,0.893,0.895,0.892,0.894,0.897,0.899,0.906,0.912,0.912,0.913,0.917,0.927,0.927,0.929,0.931,0.932,0.933,0.937,0.939,0.943,0.939,77.0067,77.1564,77.3595,77.0352,77.5128,77.5454,77.5498,77.9245,77.9971,77.9601,78.1222,78.3304,78.4046,78.6571,79.2308,79.4797,79.8376,80.2452,80.3766,80.66,80.8186,81.0999,81.0495,81.2919,82.2,81.6425,81.4821,81.547,81.7291,81.7741,82.0455,81.6381,14.67444992,14.92512989,14.83885002,15.07598972,17.31242943,16.72776031,16.89909935
130,131,Norway,2.0,0.961,83.2339,13.00362968,64660.10622,18.18519974,NOR,Very High,,0.838,0.845,0.851,0.858,0.873,0.871,0.879,0.885,0.895,0.901,0.913,0.911,0.912,0.919,0.927,0.931,0.937,0.938,0.94,0.936,0.941,0.944,0.946,0.949,0.952,0.953,0.955,0.959,0.962,0.961,0.959,76.5865,77.0382,77.2461,77.2206,77.7726,77.7967,78.2332,78.2386,78.4083,78.3868,78.6919,78.8959,78.9605,79.5294,79.9648,80.1699,80.4411,80.5033,80.678,80.8669,81.0401,81.243,81.4437,81.6666,78.7,82.0859,82.2718,82.4147,82.624,82.7605,82.9552,83.1951,13.94550037,14.24613953,14.53617954,15.06902981,16.11097908,15.56700039,15.75127029
131,132,Nepal,143.0,0.602,68.4495,5.121792742,3877.315444,12.88694954,NPL,Medium,SA,0.399,0.408,0.416,0.421,0.428,0.433,0.442,0.449,0.455,0.461,0.467,0.469,0.476,0.482,0.489,0.495,0.505,0.509,0.518,0.53,0.543,0.553,0.561,0.57,0.576,0.579,0.586,0.594,0.601,0.611,0.604,54.8333,55.7116,56.7101,57.6189,58.5535,59.3175,59.981,60.7706,61.5493,62.1132,62.6145,63.3362,63.2638,64.1966,64.8177,65.4566,65.8685,66.3288,66.4207,66.7609,66.8138,67.313,67.47,67.9651,54.5,68.0855,67.4562,68.7758,68.9099,68.9786,69.5576,69.2456,7.460750103,7.641940117,7.887959957,7.897469997,7.933139801,7.999619961,8.382760048
132,133,Nauru,,,63.617,,17729.74084,11.69042029,NRU,,EAP,,,,,,,,,,,,,,,,,,,,,,,,,,,,,,,,61.3557,61.3031,61.2233,61.3376,61.4626,61.3214,60.5041,59.644,59.2238,58.8032,58.7323,58.2777,58.1807,58.0951,58.072,58.1613,58.3785,58.5303,58.833,59.1233,59.6402,60.2398,60.7152,61.2314,59.5,61.8074,62.269,62.7018,62.988,63.2337,63.4845,63.4367,,,,,,,
133,134,New Zealand,13.0,0.937,82.4513,12.94468975,44057.31394,20.28388977,NZL,Very High,,0.806,0.811,0.818,0.833,0.846,0.853,0.857,0.865,0.874,0.878,0.887,0.894,0.897,0.903,0.906,0.912,0.913,0.916,0.915,0.919,0.922,0.922,0.924,0.929,0.93,0.931,0.934,0.935,0.936,0.937,0.936,75.4242,76.0788,76.1899,76.4999,76.9197,76.7886,76.8094,77.3484,78.1725,77.9177,78.6782,78.6736,78.8773,79.1548,79.3715,80.0572,80.0489,80.1631,80.2908,80.5938,81.1019,80.8863,81.2089,81.6518,86.7,81.7921,81.9765,82.07,82.2189,82.3803,82.5665,82.7419,14.48279953,14.81429958,15.16473961,15.97017002,16.55532074,16.85778046,17.00136948
134,135,Oman,54.0,0.816,72.5406,11.65404034,27054.32505,14.57349014,OMN,Very High,AS,,,,,,,,,,,0.705,0.716,0.723,0.731,0.739,0.745,0.753,0.762,0.772,0.783,0.788,0.793,0.802,0.809,0.814,0.823,0.833,0.831,0.834,0.839,0.827,69.782,70.189,70.6556,71.1648,71.3845,71.9901,72.1909,72.4145,72.9702,73.184,73.4658,73.8075,73.8687,74.14,74.3285,74.3962,74.4802,74.461,74.6115,74.6814,76.2695,76.6075,77.0607,77.2465,68.8,77.4462,77.6869,77.9158,77.9243,77.9659,78.0022,74.7571,7.896699905,8.247389793,8.652330399,9.215479851,9.266460419,9.490539551,9.740269661
135,136,Pakistan,161.0,0.544,66.0979,4.536330223,4623.70543,8.658349991,PAK,Low,SA,0.4,0.404,0.409,0.41,0.414,0.417,0.423,0.425,0.43,0.435,0.441,0.448,0.454,0.462,0.475,0.484,0.493,0.499,0.498,0.502,0.505,0.508,0.513,0.518,0.527,0.534,0.541,0.543,0.545,0.546,0.543,60.0656,60.2594,60.1158,59.9342,60.1159,59.8784,60.3982,60.6034,61.0898,61.679,62.1018,62.4214,62.6264,62.843,63.0522,62.4657,63.7312,63.8517,64.036,64.14,64.4361,64.6482,64.7823,65.1495,56.7,65.2842,65.6971,65.8797,66.2972,66.482,66.7558,66.2695,4.626049995,4.68038691,4.734723825,4.789060739,4.843397654,4.897734569,4.952071483
136,137,Panama,61.0,0.805,76.2233,10.54059029,26956.83707,13.05787868,PAN,Very High,LAC,0.669,0.672,0.678,0.685,0.687,0.69,0.697,0.703,0.71,0.715,0.721,0.726,0.733,0.737,0.743,0.749,0.754,0.763,0.767,0.769,0.773,0.779,0.785,0.79,0.794,0.8,0.805,0.811,0.814,0.817,0.801,71.0972,71.2068,71.4617,71.8,72.0955,72.3847,72.6753,72.9702,73.2792,73.6216,74.0015,74.4144,74.8238,75.2175,75.5444,75.8285,76.0123,76.154,76.2247,76.3429,76.4479,76.6269,76.8185,77.0378,68.5,77.2478,77.4684,77.6529,77.7954,77.8629,77.8103,76.657,10.6522398,10.66341972,10.77066994,10.94305038,10.8969202,11.12065029,11.32726955
137,138,Peru,84.0,0.762,72.3769,9.885518863,12245.89366,15.38773354,PER,High,LAC,0.621,0.625,0.625,0.629,0.639,0.647,0.651,0.656,0.664,0.673,0.676,0.684,0.685,0.684,0.69,0.686,0.691,0.7,0.708,0.711,0.725,0.732,0.742,0.75,0.755,0.759,0.765,0.77,0.776,0.78,0.762,65.1059,65.4342,66.1489,66.6814,67.2268,67.6445,68.1474,68.6052,69.082,69.7427,70.424,71.0409,71.6608,72.2166,72.668,72.9858,73.1721,73.2227,73.3772,73.4661,73.7106,74.1327,74.544,74.9668,67.0,75.3334,75.6206,75.789,75.879,76.0089,76.1559,73.6655,11.72138977,11.70501995,11.48295975,11.46770954,11.58224964,11.93307018,11.89482021
138,139,Philippines,116.0,0.699,69.2664,8.969099998,8920.428468,13.12656975,PHL,Medium,EAP,0.598,0.599,0.603,0.606,0.609,0.612,0.62,0.625,0.63,0.633,0.633,0.638,0.645,0.65,0.657,0.658,0.659,0.664,0.668,0.667,0.674,0.679,0.685,0.692,0.696,0.698,0.7,0.704,0.71,0.718,0.71,65.9093,66.304,67.0877,67.5417,67.9422,68.2231,68.6139,68.8841,69.0996,69.2977,69.4134,69.6136,69.781,69.9242,70.0367,70.2402,70.2817,70.4832,70.5638,70.6334,70.7542,70.7881,70.8813,70.8349,67.0,71.151,71.2684,71.3871,71.5156,71.689,71.8649,72.1191,10.78757,10.78501034,10.80265999,10.78906345,10.77546692,10.76187038,11.12605
139,140,Palau,80.0,0.767,66.0204,12.49143,13818.67869,15.78432,PLW,High,EAP,,,,,,,,,,,0.739,0.745,0.75,0.754,0.756,0.767,0.769,0.773,0.772,0.771,0.773,0.776,0.776,0.779,0.779,0.78,0.778,0.775,0.778,0.776,0.773,61.5816,61.8904,62.236,62.5928,62.9177,63.2213,63.5659,63.9808,64.5538,65.169,65.8914,66.5528,66.9603,67.2275,67.1912,66.9917,66.7302,66.4874,66.207,65.9182,65.5975,65.1546,64.7077,64.227,62.9,63.8575,63.7461,63.8521,64.0828,64.3886,64.8043,65.3491,,,,,,,
140,141,Papua New Guinea,156.0,0.558,65.3506,4.74,4008.623573,10.36077074,PNG,Medium,EAP,0.37,0.38,0.391,0.405,0.419,0.423,0.43,0.432,0.435,0.444,0.447,0.451,0.455,0.461,0.461,0.466,0.469,0.478,0.484,0.49,0.499,0.504,0.513,0.518,0.533,0.541,0.547,0.552,0.554,0.56,0.56,59.7212,59.9078,60.2184,60.5059,60.7564,61.0491,61.1049,61.3771,60.6294,61.6723,61.7199,61.7728,61.6978,61.7973,61.7611,61.8008,61.9172,62.0338,62.5708,62.7882,63.0395,63.5259,63.7325,63.9611,51.4,64.2589,64.7006,64.8399,65.1028,65.1822,65.4738,65.7868,3.784030274,3.951165325,4.125682486,4.307907813,4.498181764,4.696859837,4.916293303
141,142,Poland,34.0,0.876,76.4572,13.1647501,33033.96081,16.0271492,POL,Very High,,0.716,0.713,0.718,0.731,0.741,0.746,0.755,0.766,0.776,0.783,0.793,0.799,0.806,0.811,0.809,0.815,0.82,0.825,0.831,0.835,0.841,0.847,0.852,0.863,0.865,0.868,0.872,0.875,0.877,0.881,0.876,70.678,70.3777,70.9072,71.4197,71.7101,71.9193,72.2472,72.5951,72.9517,72.9946,73.7335,74.2193,74.5826,74.7384,74.972,75.0936,75.2835,75.3386,75.5842,75.7811,76.3175,76.6506,76.7138,76.9705,85.4,77.5691,77.4151,77.8025,77.7205,77.6282,77.9272,76.9424,12.23526001,12.27208042,12.25127983,12.88770008,13.10297012,13.0545702,13.26350975
142,143,North Korea,,,73.2845,,,10.78317,PRK,,EAP,,,,,,,,,,,,,,,,,,,,,,,,,,,,,,,,70.21,70.3125,70.8239,71.8705,70.7181,60.8944,60.9557,60.9735,60.906,60.7984,60.7631,60.7449,60.7917,69.5458,69.4367,69.2853,69.0855,68.9109,68.9578,69.7317,70.4187,70.9778,71.6261,72.3189,56.8,72.9423,72.7844,72.8045,72.9778,73.0309,73.1985,73.2741,,,,,,,
143,144,Portugal,38.0,0.866,81.0443,9.575940132,33154.53343,16.87122917,PRT,Very High,,0.701,0.711,0.727,0.741,0.754,0.761,0.769,0.778,0.786,0.785,0.791,0.797,0.798,0.802,0.805,0.806,0.811,0.818,0.822,0.825,0.829,0.835,0.836,0.845,0.848,0.85,0.853,0.859,0.86,0.867,0.863,74.304,74.2401,74.8701,74.7614,75.73,75.5501,75.4763,75.9227,76.1164,76.3221,76.8304,77.1508,77.3676,77.5784,78.4199,78.3053,79.0713,79.281,79.5613,79.7706,80.035,80.4971,80.4784,80.8172,78.9,81.2157,81.2093,81.2324,81.498,81.3947,81.7007,81.0545,11.76766968,12.22264004,13.01918983,14.1583004,14.64418983,14.97101021,15.43239975
144,145,Paraguay,105.0,0.717,70.2617,8.861840248,12349.286,12.98799113,PRY,High,LAC,0.595,0.6,0.605,0.612,0.617,0.623,0.632,0.638,0.644,0.649,0.649,0.655,0.662,0.655,0.662,0.664,0.664,0.669,0.679,0.677,0.685,0.696,0.702,0.715,0.716,0.723,0.721,0.724,0.727,0.732,0.73,67.9441,68.1729,68.3952,68.6334,68.8237,69.0092,69.2017,69.3249,69.4779,69.6342,69.7502,69.8997,70.025,70.297,70.4809,70.5269,70.7809,71.1061,71.3838,71.6345,71.8872,72.1314,72.4536,72.7568,65.8,72.8777,73.1905,73.5336,73.6436,73.5676,73.6207,73.1816,8.583299637,8.867646535,9.151993434,9.436340332,9.643460274,9.850580215,10.1936903
145,146,"Palestine, State of",106.0,0.715,73.4727,9.938480377,6582.899416,13.35801029,PSE,High,AS,,,,,,,,,,,,,,,0.651,0.662,0.663,0.672,0.677,0.682,0.687,0.694,0.701,0.703,0.698,0.71,0.715,0.719,0.723,0.727,0.716,67.9337,68.3056,68.5922,68.8526,69.4135,69.6619,70.0548,70.396,70.6323,70.8548,70.3885,69.8871,70.9694,71.0533,71.1823,72.0673,71.915,72.1525,72.4131,72.6076,73.0045,73.2429,73.4665,74.0292,68.3,72.6221,74.4057,74.5544,74.8329,74.793,75.2406,74.4035,,,,,,9.94682864,10.2123003
146,147,Qatar,42.0,0.855,79.2716,9.99601145,87134.13469,12.63722038,QAT,Very High,AS,0.758,0.754,0.756,0.763,0.77,0.775,0.782,0.795,0.799,0.802,0.801,0.803,0.809,0.819,0.822,0.827,0.825,0.834,0.84,0.838,0.834,0.844,0.829,0.834,0.839,0.846,0.85,0.849,0.853,0.859,0.854,73.9817,73.966,74.1222,74.2434,74.3478,74.2499,74.6847,74.7873,74.8092,74.8,74.8279,75.2634,75.4118,75.565,75.9606,76.0637,76.5703,77.0155,77.4272,77.8776,78.4251,78.8911,79.2265,79.5364,70.8,79.7677,80.0639,80.4335,80.7171,80.8982,80.9897,79.0987,11.84733963,11.51646042,11.16573048,11.56651974,11.94487953,12.15437984,12.44118023
147,148,Romania,53.0,0.821,74.1847,11.27511978,30027.29131,14.22990036,ROU,Very High,,0.703,0.689,0.679,0.68,0.682,0.688,0.693,0.696,0.7,0.708,0.715,0.722,0.729,0.732,0.742,0.756,0.77,0.786,0.806,0.809,0.807,0.808,0.805,0.81,0.811,0.813,0.816,0.823,0.827,0.832,0.824,69.729,69.8842,69.4055,69.5784,69.5789,69.5602,68.9817,69.4482,70.125,70.6008,71.2823,71.2944,70.7048,69.8004,69.5031,70.6095,71.4718,72.5458,73.6078,74.029,73.9959,74.4314,74.3908,74.9756,67.3,74.9279,74.7901,75.2458,75.9519,76.1546,76.5079,75.3456,11.92111015,10.99755001,10.56622028,10.36369991,10.28365993,10.42288971,10.89214993
148,149,Russian Federation,52.0,0.822,69.419,12.77428805,27166.30891,15.76636982,RUS,Very High,,0.743,0.741,0.728,0.71,0.698,0.698,0.708,0.716,0.719,0.721,0.732,0.74,0.746,0.754,0.761,0.764,0.775,0.786,0.791,0.789,0.796,0.808,0.811,0.817,0.818,0.824,0.828,0.833,0.841,0.845,0.83,68.5354,68.4246,67.56,65.019,63.9354,64.101,65.4217,66.3645,66.7722,65.6306,65.2711,65.4166,65.1401,65.264,65.904,66.0746,67.2791,68.1535,68.4943,69.2116,69.386,70.3981,70.7695,71.3025,76.6,71.5664,72.1006,72.6609,73.3743,73.5306,73.9332,71.3423,12.82444,12.66557026,12.4005003,12.0488596,11.79273033,11.77857018,11.89381981
149,150,Rwanda,165.0,0.534,66.0722,4.425292358,2209.795202,11.23097038,RWA,Low,SSA,,,,,,0.286,0.296,0.302,0.309,0.324,0.34,0.35,0.369,0.385,0.406,0.422,0.442,0.456,0.467,0.48,0.489,0.497,0.506,0.508,0.513,0.515,0.524,0.526,0.528,0.534,0.532,48.4312,46.519,44.3189,42.1658,14.0985,39.9692,40.6979,40.6402,41.6813,44.6162,47.1292,49.0206,51.0322,53.3678,55.4912,57.316,58.7137,59.9653,61.1342,61.9578,62.5397,63.2615,64.0094,64.4257,49.5,64.9401,65.2977,65.7373,65.9409,66.2505,66.437,66.7741,5.632040024,5.803090043,5.974140061,6.14519008,6.316240099,6.487290117,6.658340136
150,151,Saudi Arabia,35.0,0.875,76.936,11.31052971,46111.55135,16.13549042,SAU,Very High,AS,0.678,0.688,0.694,0.699,0.704,0.709,0.715,0.72,0.727,0.73,0.737,0.744,0.75,0.76,0.77,0.78,0.787,0.794,0.802,0.807,0.816,0.828,0.837,0.845,0.852,0.859,0.864,0.86,0.865,0.873,0.87,68.9485,69.3658,69.9254,70.3033,70.705,71.0109,71.2731,71.4826,71.8787,72.1359,72.4667,72.9744,73.3366,73.6284,74.1526,74.5883,74.8096,75.0458,75.2744,75.4313,75.7629,76.234,76.4611,76.6257,80.0,76.7573,76.9185,77.0643,77.1605,77.2115,77.3036,76.2392,9.585306116,9.768487876,9.955170365,10.14542048,10.33930641,10.53689763,10.73826496
151,152,Sudan,172.0,0.508,65.2667,3.82,3575.19084,7.945187858,SDN,Low,AS,0.336,0.342,0.331,0.34,0.383,0.371,0.379,0.388,0.376,0.413,0.424,0.431,0.436,0.439,0.441,0.448,0.465,0.47,0.478,0.486,0.486,0.487,0.493,0.497,0.504,0.508,0.511,0.514,0.514,0.514,0.51,49.7321,50.2129,45.8909,46.5752,56.6437,51.991,52.2756,52.8331,48.8104,57.0148,58.3185,58.5615,58.9763,58.1999,56.7726,57.2786,60.2806,61.2564,61.2055,62.6439,63.0161,63.2463,63.7922,63.6779,47.5,64.2691,64.6587,64.7801,65.4447,65.681,65.8755,65.6136,4.194768272,4.315611234,4.439935442,4.567841185,4.699431638,4.834812951,4.974094332
152,153,Senegal,170.0,0.511,67.0926,2.937938258,3344.311825,8.963749886,SEN,Low,SSA,0.373,0.374,0.375,0.374,0.374,0.375,0.376,0.377,0.379,0.382,0.388,0.394,0.398,0.405,0.412,0.419,0.427,0.439,0.451,0.459,0.468,0.482,0.49,0.496,0.502,0.505,0.507,0.509,0.512,0.513,0.513,56.9484,57.1389,57.1124,56.9961,56.9545,56.8385,56.6719,56.591,56.4179,56.609,56.9434,57.5639,58.231,59.1219,60.0266,60.9152,61.7502,62.5429,63.2421,63.9231,64.6154,65.262,65.4567,66.0719,42.6,66.4519,66.8794,67.4969,67.7503,68.0966,68.5258,68.0064,4.423130163,4.501156964,4.580560207,4.661364174,4.74216814,4.822972107,4.903776073
153,154,Singapore,12.0,0.939,82.7545,11.92488003,90918.64471,16.5243206,SGP,Very High,EAP,0.727,0.737,0.748,0.758,0.77,0.779,0.789,0.802,0.81,0.82,0.831,0.833,0.84,0.845,0.851,0.875,0.881,0.887,0.892,0.892,0.91,0.915,0.92,0.923,0.928,0.93,0.934,0.935,0.94,0.943,0.939,74.9444,75.3289,75.6009,75.8015,75.8847,75.9757,76.5357,77.2281,77.9875,78.4701,79.0691,79.1863,79.3025,79.3985,79.7654,80.3541,80.71,80.9576,81.1698,81.4555,81.691,81.9745,82.2434,82.5157,85.7,82.6524,82.8265,83.0001,83.2236,83.4576,83.7584,82.861,10.60184773,10.80219761,11.00254749,11.20289737,11.40324724,11.60359712,11.8228777
154,155,Solomon Islands,155.0,0.564,70.3477,5.711848,2481.511362,10.32869027,SLB,Medium,EAP,,,,,,,,,,0.499,0.486,0.49,0.496,0.501,0.507,0.512,0.52,0.523,0.531,0.538,0.55,0.553,0.554,0.559,0.558,0.559,0.56,0.564,0.566,0.567,0.565,65.3917,65.5793,65.7671,65.958,66.1876,66.3807,66.5898,66.7416,66.9204,67.0685,67.2249,67.3635,67.5148,67.6443,67.8009,67.9363,68.0899,67.9856,68.4039,68.4656,68.7318,68.908,69.0839,69.188,52.2,69.2337,69.5834,69.8007,69.9882,70.1733,70.3821,70.1987,5.985459805,6.15007019,6.555089951,6.932380199,7.179950237,7.180796146,7.181642056
155,156,Sierra Leone,181.0,0.477,60.0624,4.576081285,1621.512579,9.57339109,SLE,Low,SSA,0.312,0.305,0.305,0.312,0.312,0.314,0.312,0.307,0.305,0.301,0.318,0.331,0.347,0.357,0.364,0.372,0.382,0.397,0.409,0.42,0.427,0.433,0.447,0.459,0.461,0.453,0.457,0.466,0.47,0.48,0.475,44.0568,43.5063,43.6214,43.5936,42.9245,42.7157,43.6799,43.7149,42.7892,42.0712,45.0503,45.6607,46.3586,46.9628,47.5771,48.2373,49.323,50.3654,51.5259,52.6256,53.6932,54.6198,55.451,56.3132,39.4,56.3933,57.189,58.4045,58.6517,59.7959,60.2549,59.7632,4.506159782,4.228769779,4.441174793,4.653579807,4.865984821,5.078389835,5.290794849
156,157,El Salvador,125.0,0.675,70.7479,7.150929928,8295.665889,12.67134767,SLV,Medium,LAC,0.525,0.536,0.548,0.558,0.568,0.578,0.587,0.597,0.605,0.609,0.617,0.619,0.626,0.631,0.636,0.641,0.646,0.651,0.653,0.653,0.659,0.661,0.664,0.667,0.666,0.668,0.671,0.674,0.68,0.683,0.672,62.5504,63.8556,64.6574,65.2351,65.8384,66.3297,67.0758,67.8953,68.4785,69.3793,69.8647,69.5982,70.2324,70.1401,70.3402,70.4403,70.7732,71.1081,71.4236,71.5756,71.8478,71.8589,71.8313,71.7711,70.1,71.7464,71.8143,72.0248,72.3108,72.5546,72.5586,71.0609,8.899497437,9.195750237,9.50186491,9.807979584,10.12818165,10.44838371,10.76858578
157,158,San Marino,44.0,0.853,80.8786,10.80146027,52653.82534,12.26613998,SMR,Very High,,,,,,,,,,,,,,,,,,,,,,,,,,,,,,0.86,0.862,0.845,78.6696,78.8539,78.8439,78.9294,79.2137,79.606,79.2439,79.6085,80.0336,80.2569,79.9486,80.4193,80.7656,80.7311,80.7028,81.2182,81.5574,81.853,82.2058,82.4928,82.6838,82.7619,82.575,82.3913,79.1,82.8949,82.927,82.9726,82.9161,82.9479,82.9863,79.5886,,,,,,,
158,159,Somalia,,,55.2803,,1017.96785,,SOM,,AS,,,,,,,,,,,,,,,,,,,,,,,,,,,,,,,,47.1055,26.5647,27.3116,50.6485,50.3266,50.6005,50.4469,50.1947,50.6602,50.5245,50.6604,50.7403,50.7309,50.6139,50.5377,50.6606,50.5974,50.5147,51.1198,51.8533,50.563,51.3045,53.1611,53.8433,58.9,54.2773,54.857,55.0444,55.6536,56.3754,57.0776,55.9666,,,,,,,
159,160,Serbia,63.0,0.802,74.1923,11.36987019,19123.02747,14.40009022,SRB,Very High,ECA,,,,,,0.674,0.679,0.685,0.687,0.677,0.69,0.7,0.702,0.711,0.723,0.734,0.746,0.754,0.765,0.766,0.767,0.777,0.78,0.785,0.788,0.794,0.8,0.802,0.808,0.811,0.804,70.3146,70.7056,70.8839,71.0479,71.329,71.7694,71.5536,71.649,71.2427,69.7577,71.4392,72.3072,72.2585,72.4425,72.6165,72.7092,73.3551,73.6228,73.9388,74.0376,74.3753,74.7717,75.1062,75.605,75.5,75.7234,75.8172,76.2609,76.213,76.5115,76.704,75.4057,12.38251487,12.45202477,12.52192486,12.59221734,12.66290441,12.73398829,12.8054712
160,161,South Sudan,191.0,0.385,54.9752,5.726140022,767.787,5.54251,SSD,Low,SSA,,,,,,,,,,,,,,,,,,,,,0.43,0.433,0.397,0.411,0.41,0.412,0.402,0.395,0.395,0.393,0.386,29.9353,30.1479,22.7245,22.7041,44.3836,30.9483,31.2966,32.2424,18.3852,43.2228,46.0277,46.8807,47.4915,50.2529,50.9167,51.5455,52.0162,52.8565,53.5375,53.8912,54.8118,54.9396,55.8651,55.7509,29.8,54.9727,55.5665,55.5437,55.3094,55.9495,55.912,55.4801,,,,,,,
161,162,Sao Tome and Principe,138.0,0.618,67.5912,6.215599435,4021.350815,13.36538506,STP,Medium,SSA,0.485,0.484,0.485,0.485,0.487,0.488,0.491,0.492,0.494,0.498,0.501,0.507,0.511,0.519,0.525,0.531,0.542,0.545,0.546,0.552,0.554,0.556,0.562,0.573,0.584,0.596,0.603,0.612,0.617,0.622,0.619,61.471,61.4289,61.2837,61.138,61.069,61.0556,61.0971,61.181,61.1868,61.3934,61.6554,62.0316,62.6003,63.166,63.7311,63.7089,64.3982,64.7239,65.0786,65.1157,65.2486,64.9017,65.7457,66.3275,59.6,66.8452,67.2491,67.4917,68.2666,68.3549,68.5231,67.7848,8.229322707,8.31258549,8.39669071,8.481646891,8.567462643,8.654146663,8.741707737
162,163,Suriname,99.0,0.73,70.2743,9.77680063,12672.20033,13.03564357,SUR,High,LAC,,,,,,,,,,,,,,,0.674,0.683,0.691,0.701,0.709,0.717,0.723,0.728,0.731,0.734,0.736,0.744,0.747,0.75,0.755,0.755,0.743,64.2298,64.4532,64.6503,64.9799,65.272,65.3371,65.6683,65.697,65.594,65.4434,65.5077,65.4821,65.5313,65.5963,66.4163,67.0025,67.5713,68.204,68.8162,69.5048,69.8945,69.9141,69.7644,69.6816,71.5,69.7824,70.8003,71.5924,72.417,72.5532,72.2423,72.5615,11.82423019,11.78651182,11.74879344,11.71107507,11.67335669,11.63563832,11.59791994
163,164,Slovakia,45.0,0.848,74.9101,12.91141987,30690.48552,14.51303959,SVK,Very High,,0.692,0.69,0.694,0.701,0.711,0.72,0.73,0.738,0.748,0.755,0.763,0.77,0.779,0.784,0.794,0.803,0.812,0.823,0.831,0.833,0.84,0.844,0.845,0.848,0.849,0.851,0.854,0.856,0.859,0.862,0.857,70.8202,70.9224,71.3665,71.8817,72.3307,72.255,72.7398,72.6902,72.5742,72.9641,73.1407,73.5726,73.7669,73.82,74.2186,74.1572,74.4167,74.4951,74.8642,75.217,75.495,76.0166,76.1746,76.5121,72.2,76.847,76.6493,77.2146,77.219,77.264,77.6851,77.0054,11.53758582,11.62315774,11.70936433,11.79621029,11.88370037,12.04553986,12.23585033
164,165,Slovenia,23.0,0.918,80.6904,12.80368042,39746.01987,17.65492058,SVN,Very High,,,,,,,0.76,0.771,0.782,0.794,0.812,0.821,0.837,0.848,0.858,0.865,0.869,0.878,0.882,0.888,0.887,0.89,0.892,0.891,0.9,0.902,0.903,0.91,0.913,0.917,0.921,0.913,73.5151,73.2782,73.5449,73.4681,74.0725,74.5783,75.0773,75.1779,75.341,75.7203,76.1957,76.5433,76.7904,76.6721,77.4848,77.7151,78.4191,78.5936,79.1346,79.2704,79.7039,79.9905,80.1284,80.336,87.4,80.9406,80.8218,81.1577,81.0714,81.3581,81.6042,80.4409,11.96399021,12.04930973,12.27888012,12.16870975,12.3100996,12.58475018,12.80161953
165,166,Sweden,7.0,0.947,82.9833,12.60972023,54489.37401,19.41852951,SWE,Very High,,0.81,0.813,0.82,0.84,0.851,0.86,0.868,0.879,0.894,0.899,0.904,0.907,0.91,0.915,0.9,0.902,0.906,0.908,0.905,0.904,0.91,0.911,0.911,0.932,0.935,0.937,0.939,0.941,0.942,0.947,0.942,77.5883,77.7281,78.0709,78.1352,78.7465,78.8214,79.0435,79.2711,79.4155,79.5079,79.7382,79.8359,79.9347,80.195,80.5462,80.621,80.8317,80.9697,81.1371,81.3631,81.5187,81.7581,81.7296,81.9348,87.3,82.2233,82.1834,82.3391,82.4382,82.5326,83.0524,82.4274,12.89834976,13.00177956,13.24635029,15.10190964,15.53335953,15.88644028,16.31859016
166,167,Eswatini,144.0,0.597,57.0657,5.596,7678.591873,13.74434586,SWZ,Medium,SSA,0.545,0.543,0.54,0.532,0.523,0.518,0.509,0.5,0.49,0.482,0.471,0.463,0.451,0.446,0.444,0.446,0.462,0.471,0.479,0.486,0.503,0.517,0.531,0.546,0.559,0.575,0.586,0.596,0.607,0.615,0.61,63.0719,62.6853,61.7346,60.233,58.2678,56.1477,53.8727,52.0436,50.3326,48.7331,47.2561,45.9751,44.4856,43.3485,42.5381,42.1254,43.1196,43.6411,44.1749,44.6394,46.6191,48.1946,49.8352,51.4863,57.8,53.0497,55.0192,56.6591,57.8951,59.4114,60.5492,59.6922,9.369875389,9.403099026,9.436440468,9.469900131,9.608366648,9.746833165,9.885299683
167,168,Seychelles,72.0,0.785,71.2945,10.28312,25830.61775,13.94161034,SYC,High,SSA,,,,,,,,,,,0.744,0.741,0.742,0.746,0.747,0.762,0.753,0.77,0.771,0.77,0.776,0.766,0.786,0.787,0.796,0.796,0.796,0.796,0.8,0.802,0.793,69.0142,68.9347,69.0824,69.0419,68.976,68.5282,68.9309,68.9981,69.8642,69.5445,69.7218,69.9853,70.3955,70.9818,71.1618,71.5618,71.8336,72.1124,72.3969,72.6881,72.9703,73.7537,73.6428,73.7807,80.1,73.7495,73.6979,73.6425,73.8027,73.9529,74.169,73.5324,11.45063391,11.53717995,11.62438011,11.75706959,11.99201965,11.87429047,11.93842983
168,169,Syrian Arab Republic,150.0,0.577,72.0627,5.1,4191.933893,9.164219856,SYR,Medium,AS,0.562,0.567,0.573,0.574,0.577,0.579,0.582,0.585,0.587,0.586,0.587,0.596,0.603,0.615,0.627,0.64,0.65,0.659,0.653,0.659,0.66,0.691,0.65,0.573,0.553,0.556,0.56,0.572,0.58,0.584,0.577,69.8172,70.0357,70.2625,70.1929,70.1414,70.4163,70.3465,70.2826,70.1958,70.425,70.7639,71.6439,71.9394,72.4137,72.4747,72.7685,73.3495,73.7088,73.5508,73.8527,73.8808,73.3053,66.7687,63.8265,50.7,63.1529,65.1239,65.9933,68.4811,70.145,71.8224,72.1399,10.26681042,10.28670979,10.12106037,10.01791,9.878669739,9.664310455,9.743434634
169,170,Chad,190.0,0.394,52.5254,2.57377421,1364.169417,8.035914334,TCD,Low,SSA,,,,,,,,,,,0.291,0.301,0.307,0.307,0.325,0.327,0.327,0.337,0.341,0.355,0.362,0.372,0.381,0.386,0.393,0.389,0.391,0.393,0.398,0.403,0.397,44.6856,45.9412,46.1019,46.3178,46.4492,46.7106,47.013,47.2168,47.2243,47.3724,47.443,47.8496,47.9462,48.2063,48.2317,48.3122,48.2863,48.751,49.0239,49.1963,49.5843,50.009,50.5401,50.7806,31.7,51.202,51.5888,52.0834,52.3076,52.8253,53.2594,52.7774,2.415178514,2.586861517,2.770748609,2.967707318,3.17866684,3.404622423,3.646640062
170,171,Togo,162.0,0.539,61.6194,5.016807367,2166.619062,12.95049378,TGO,Low,SSA,0.41,0.414,0.406,0.398,0.404,0.419,0.429,0.438,0.439,0.443,0.446,0.449,0.454,0.46,0.459,0.458,0.464,0.457,0.464,0.472,0.477,0.487,0.491,0.499,0.505,0.514,0.518,0.524,0.528,0.535,0.535,54.3697,54.2682,54.2992,54.1953,54.0366,54.0366,54.0981,54.1922,54.1994,54.5381,54.742,54.8597,55.3112,55.6392,55.5695,55.9618,56.2219,56.5106,56.6948,57.0106,57.3042,57.9246,58.073,58.6841,44.1,58.8534,59.3958,59.5501,60.1544,60.244,60.9011,61.035,7.492650032,7.865890026,7.330359936,7.36823988,7.406119823,8.256549835,8.700130463
171,172,Thailand,66.0,0.8,78.7154,8.697119713,17030.15352,15.88221913,THA,Very High,EAP,0.576,0.585,0.595,0.604,0.613,0.619,0.628,0.635,0.64,0.646,0.653,0.664,0.676,0.687,0.697,0.706,0.712,0.724,0.727,0.73,0.737,0.743,0.746,0.747,0.778,0.781,0.785,0.79,0.795,0.804,0.802,70.4449,70.7168,70.8853,71.0678,71.2265,70.9475,71.6525,72.5005,72.8623,72.5419,72.3156,72.6127,72.9296,73.1546,73.0797,73.8202,74.9381,75.1872,75.4916,75.8416,76.1313,76.4212,76.7721,77.0827,67.9,77.4153,77.7166,78.0489,78.3939,78.6622,78.9751,79.2739,8.434339523,8.6890529,8.943766276,9.198479652,9.39669466,9.594909668,9.777119637
172,173,Tajikistan,122.0,0.685,71.5942,11.3333938,4547.742427,11.65303618,TJK,Medium,ECA,0.628,0.622,0.57,0.542,0.547,0.547,0.531,0.54,0.547,0.553,0.56,0.569,0.579,0.594,0.606,0.612,0.622,0.625,0.639,0.633,0.636,0.635,0.643,0.656,0.656,0.657,0.66,0.665,0.671,0.676,0.664,61.879,61.3789,55.0738,52.8669,57.4796,59.3379,59.1285,60.3482,61.5186,62.6206,63.2596,64.0569,64.8464,65.5521,66.0284,66.5143,67.0127,67.2169,67.6884,68.0386,67.742,68.1485,68.4841,68.8848,61.3,69.0693,69.3059,69.5493,69.9047,70.3532,70.8674,67.9942,11.98297944,11.8730402,11.76410961,10.94089985,10.23171997,10.21700954,10.06160712
173,174,Turkmenistan,91.0,0.745,69.2644,11.26139,13020.7155,13.21039963,TKM,High,ECA,,,,,,,,,,,,,,,,0.66,0.67,0.682,0.693,0.701,0.711,0.72,0.727,0.73,0.734,0.74,0.742,0.741,0.746,0.742,0.741,63.939,64.0346,63.8752,63.8037,63.7559,63.684,63.5957,63.6456,64.1056,64.5177,65.0258,65.1555,65.3846,65.7459,66.0747,66.0683,66.4989,66.8948,67.407,67.9583,68.2933,68.567,68.7225,68.7401,68.8,68.6135,68.7816,68.7774,68.9158,68.7963,69.0016,68.687,,,,,,,
174,175,Timor-Leste,140.0,0.607,67.7369,5.43679,4460.869435,12.616098,TLS,Medium,EAP,,,,,,,,,,,,,0.508,0.508,0.521,0.538,0.563,0.585,0.611,0.609,0.619,0.638,0.635,0.63,0.622,0.614,0.604,0.606,0.605,0.614,0.614,44.9535,44.9849,46.2758,47.2535,48.2516,48.0238,48.816,49.5172,49.1235,45.7011,58.5676,59.3619,60.1483,60.8707,61.6281,62.3283,63.0731,63.7229,64.329,64.8539,65.3036,65.6965,66.0812,66.4396,56.0,66.7865,67.1373,67.4461,67.7454,68.0167,68.2684,68.4755,,,,,,,
175,176,Tonga,91.0,0.745,70.9857,11.392594,6822.03125,16.04857063,TON,High,EAP,0.645,0.652,0.656,0.663,0.672,0.676,0.678,0.68,0.685,0.688,0.685,0.688,0.694,0.701,0.702,0.702,0.703,0.704,0.709,0.708,0.713,0.72,0.723,0.725,0.727,0.73,0.735,0.74,0.742,0.744,0.745,67.2943,67.5176,67.6864,67.8548,68.0145,68.1699,68.3229,68.4904,68.6423,68.8086,68.978,69.127,69.3348,69.4946,69.6704,69.7682,69.8939,70.0478,70.164,70.0121,70.3234,70.3809,70.442,70.505,71.2,70.5405,70.607,70.661,70.7133,70.7787,70.8715,70.9276,12.07151065,12.23987946,12.41059662,12.58369487,12.75920744,12.93716798,13.11761065
176,177,Trinidad and Tobago,57.0,0.81,72.9709,11.61062419,23392.02084,14.53545292,TTO,Very High,LAC,0.66,0.665,0.663,0.667,0.67,0.678,0.684,0.69,0.7,0.703,0.712,0.721,0.732,0.737,0.752,0.758,0.767,0.773,0.777,0.787,0.79,0.794,0.8,0.806,0.809,0.816,0.815,0.817,0.815,0.821,0.818,68.272,68.8595,68.3914,68.8113,68.5109,69.17,69.0086,68.719,69.1599,68.3771,69.1022,69.6462,70.4878,69.729,71.0756,71.3077,71.256,71.6523,71.4697,73.126,72.7254,73.2779,73.7159,73.9623,73.0,74.2152,74.5032,74.281,74.2301,73.8018,74.2279,74.4056,11.11131308,11.05126953,10.99155045,11.01103973,11.12510612,11.2391725,11.35323889
177,178,Tunisia,97.0,0.731,73.7719,7.431598614,10257.54477,15.42538224,TUN,High,AS,0.576,0.581,0.588,0.594,0.604,0.611,0.62,0.627,0.639,0.65,0.658,0.665,0.67,0.677,0.687,0.694,0.7,0.706,0.711,0.715,0.72,0.722,0.724,0.727,0.73,0.733,0.737,0.74,0.743,0.745,0.737,70.1103,70.5211,70.7015,71.2347,71.6145,71.9876,72.3796,72.8634,73.1687,73.5081,73.6901,73.8156,74.0595,74.3054,74.4902,74.7642,74.9215,75.072,75.1846,75.2667,75.4206,75.4595,75.5498,75.6502,73.1,75.6497,75.6919,75.7861,75.8448,75.9501,75.9933,75.2923,10.47406006,10.56616974,10.65849972,10.86925983,11.3098402,11.54496002,11.74763012
178,179,Turkey,48.0,0.838,76.0324,8.63313961,31032.80106,18.3382206,TUR,Very High,ECA,0.6,0.604,0.61,0.617,0.618,0.625,0.633,0.641,0.652,0.655,0.67,0.674,0.684,0.69,0.695,0.7,0.71,0.717,0.721,0.728,0.749,0.762,0.769,0.799,0.809,0.817,0.823,0.833,0.839,0.842,0.833,67.7092,68.1689,68.4861,68.911,69.2949,69.6094,70.1414,70.5699,71.0388,70.6947,71.8613,72.2305,72.5785,72.8899,73.24,73.5341,73.8448,74.1927,74.4501,74.7653,75.0693,74.9406,75.678,76.2968,74.1,76.5648,76.646,76.6605,77.1408,77.5631,77.8318,75.85,9.055789948,9.188130379,9.308939934,9.463040352,9.586339951,9.732910156,9.820175171
179,180,Tuvalu,130.0,0.641,64.5466,10.57310772,6351.435899,9.40443,TUV,Medium,EAP,0.559,0.562,0.558,0.57,0.577,0.575,0.573,0.579,0.589,0.592,0.597,0.61,0.62,0.605,0.61,0.61,0.611,0.613,0.618,0.615,0.616,0.616,0.624,0.628,0.627,0.643,0.636,0.634,0.642,0.635,0.639,61.6615,61.9086,60.4911,62.654,62.9243,63.098,63.2102,63.3559,63.4182,63.427,63.4988,63.5427,63.5803,63.6311,63.6933,63.8359,63.9278,63.9315,63.9483,63.9485,63.9781,63.9735,63.9636,64.0076,71.3,64.0252,64.0598,64.1075,64.1478,64.2117,64.2775,64.382,10.15764046,10.11438668,10.0711329,10.02787912,9.98462534,9.94137156,9.898117781
180,181,Tanzania,160.0,0.549,66.2007,6.37289871,2664.329096,9.221489906,TZA,Low,SSA,0.371,0.371,0.369,0.369,0.369,0.37,0.372,0.373,0.38,0.39,0.398,0.406,0.416,0.426,0.436,0.446,0.456,0.465,0.473,0.482,0.493,0.499,0.504,0.51,0.515,0.52,0.524,0.528,0.538,0.548,0.548,51.4849,51.3058,50.9888,50.8698,50.797,50.7858,50.7443,50.6243,50.914,51.7476,52.3623,53.161,53.8634,54.8949,55.5963,56.2991,56.9111,57.52,58.0861,58.8937,60.1048,61.0492,62.0303,62.9603,52.5,63.8733,64.6507,65.3862,65.9987,66.5346,66.9885,66.4077,5.693888074,5.644489765,5.59552002,5.628250122,5.541329861,5.498129845,5.43682003
181,182,Uganda,166.0,0.525,62.7048,5.730941566,2181.43651,10.14986994,UGA,Low,SSA,0.329,0.331,0.325,0.332,0.336,0.342,0.354,0.364,0.373,0.385,0.394,0.404,0.417,0.429,0.444,0.454,0.466,0.476,0.484,0.494,0.502,0.506,0.504,0.509,0.512,0.517,0.519,0.52,0.522,0.525,0.524,46.4426,46.3156,46.3684,46.2367,46.3526,46.5674,46.6701,46.9767,47.1747,47.7857,48.3415,49.0061,49.6476,50.3682,51.5469,52.9756,54.3688,55.2365,55.823,56.4881,57.0547,57.9651,58.8166,59.7628,43.0,60.4081,61.0856,61.6479,62.115,62.7139,62.9913,62.8513,5.721580029,5.697579861,5.163599968,5.477469921,5.519720078,5.581089973,6.169204394
182,183,Ukraine,77.0,0.773,71.624,11.13142043,13255.50977,14.95656854,UKR,High,ECA,0.729,0.723,0.715,0.703,0.689,0.684,0.685,0.689,0.696,0.698,0.7,0.715,0.722,0.732,0.74,0.743,0.751,0.757,0.761,0.758,0.764,0.769,0.773,0.773,0.773,0.774,0.779,0.782,0.783,0.786,0.775,69.8024,69.073,68.6289,67.8725,67.4426,66.8275,67.1484,67.6315,68.3991,68.1197,67.8555,68.1814,68.1732,68.2087,68.4016,68.1506,68.7406,68.7657,69.1168,70.2472,70.6207,71.3872,71.6273,71.8617,64.2,72.5905,73.4581,74.3121,74.7181,74.4122,74.5364,72.5726,12.37267971,12.37812042,12.14836979,11.95456028,11.8551302,12.09792213,12.34071407
183,184,Uruguay,58.0,0.809,75.4356,8.982549667,21268.88122,16.83259964,URY,Very High,LAC,0.701,0.705,0.708,0.711,0.716,0.717,0.723,0.735,0.744,0.747,0.753,0.76,0.764,0.77,0.77,0.768,0.768,0.771,0.774,0.78,0.787,0.794,0.798,0.805,0.808,0.811,0.815,0.819,0.819,0.821,0.821,73.1617,73.3051,73.4412,73.579,73.7276,73.896,74.0876,74.298,74.5267,74.7695,75.0247,75.2851,75.5399,75.7851,76.0069,76.1935,76.3615,76.4981,76.623,76.7384,76.858,76.9833,77.111,77.24,75.2,77.3663,77.4827,77.5707,77.6247,77.611,77.5085,78.4298,12.88957024,12.99347973,12.80471992,12.89607739,12.98743486,13.07879233,13.1701498
184,185,United States,21.0,0.921,77.1982,13.68342972,64765.21509,16.28097916,USA,Very High,,0.872,0.873,0.878,0.88,0.884,0.885,0.887,0.89,0.893,0.889,0.891,0.892,0.893,0.895,0.898,0.9,0.904,0.906,0.906,0.908,0.911,0.913,0.916,0.917,0.919,0.92,0.922,0.924,0.927,0.93,0.92,75.3699,75.5227,75.7776,75.567,75.7377,75.8536,76.1753,76.498,76.66,76.6718,76.8114,76.9285,77.0005,77.1536,77.5581,77.5573,77.8386,78.1004,78.1958,78.564,78.7724,78.82,78.9441,78.9507,81.8,79.0175,78.8694,78.8482,78.8213,78.9896,79.138,77.4144,15.41786003,15.4780302,15.7397151,16.00139999,16.02688026,16.01859093,15.96275043
185,186,Uzbekistan,101.0,0.727,70.8616,11.89558983,7916.785725,12.47714043,UZB,High,ECA,,,,,,,,,,,0.607,0.614,0.621,0.627,0.634,0.639,0.644,0.656,0.659,0.665,0.673,0.68,0.687,0.693,0.698,0.701,0.709,0.715,0.72,0.726,0.721,65.3456,65.1307,65.1091,64.8289,64.6854,64.6463,64.7118,64.7636,65.035,65.3835,65.7235,66.087,66.6037,67.0397,67.4012,67.4901,67.891,68.2918,68.7646,68.8705,69.2354,69.6487,69.8742,69.9895,69.0,70.2343,70.4753,70.7548,71.0095,71.1494,71.3441,70.3309,11.31336975,11.18865967,10.85834026,10.83678314,10.81522601,10.79366888,10.77211176
186,187,Saint Vincent and the Grenadines,89.0,0.751,69.6291,10.83343029,11961.08792,14.67220567,VCT,High,LAC,,,,,,,,,,,0.683,0.689,0.695,0.702,0.708,0.713,0.722,0.73,0.734,0.736,0.734,0.736,0.737,0.743,0.752,0.759,0.765,0.774,0.775,0.769,0.764,72.3797,72.9368,72.6238,72.4582,71.9225,72.0974,71.2662,70.9224,71.097,71.3002,71.3772,71.9378,72.1682,72.3523,73.035,73.5161,74.0166,74.7028,75.0526,75.0826,74.7184,74.5958,74.1463,73.7976,70.0,74.473,74.4071,74.2799,74.3052,74.1279,72.8347,72.1256,11.70584267,11.80901289,11.91309241,12.01808923,12.12401146,12.23086723,12.33866479
187,188,Venezuela,120.0,0.691,70.5536,11.10727736,4810.882621,12.81608,VEN,Medium,LAC,0.659,0.669,0.675,0.676,0.675,0.679,0.679,0.685,0.686,0.682,0.684,0.689,0.699,0.693,0.707,0.721,0.732,0.749,0.756,0.756,0.755,0.762,0.767,0.774,0.77,0.767,0.757,0.744,0.738,0.721,0.695,71.5319,71.8318,71.806,71.9253,71.8529,72.1429,72.1108,72.7029,72.6681,72.2539,72.4775,71.2015,72.6618,71.9402,72.514,72.7825,72.7418,73.0583,72.436,72.5788,72.8901,72.913,73.0364,73.1962,61.8,72.8533,73.0064,72.0578,71.943,71.9788,72.1614,71.0949,10.48841953,10.76323986,10.90396976,10.86452985,10.82508993,10.78565001,10.7462101
188,189,Viet Nam,115.0,0.703,73.6181,8.370280266,7867.371345,12.9519325,VNM,High,EAP,0.482,0.493,0.504,0.515,0.526,0.539,0.55,0.56,0.569,0.578,0.588,0.598,0.608,0.617,0.625,0.633,0.641,0.648,0.653,0.658,0.663,0.668,0.672,0.676,0.68,0.684,0.688,0.692,0.697,0.703,0.71,69.2127,69.849,69.9579,70.6212,70.7587,71.3837,71.5098,71.8017,72.1068,72.3169,72.462,72.6472,72.8009,72.9803,73.135,73.2714,73.3194,73.4361,73.411,73.4982,73.5126,73.6921,73.7044,73.7755,59.0,73.8545,73.8763,73.9382,73.9632,73.9757,74.0929,75.3779,7.841859818,8.153502345,8.465144873,8.7767874,9.088429928,9.400072455,9.711714983
189,190,Vanuatu,140.0,0.607,70.449,7.064846,3085.411633,11.53531503,VUT,Medium,EAP,,,,,,,,,,,,,,,,0.578,0.584,0.585,0.591,0.591,0.591,0.593,0.59,0.593,0.595,0.595,0.596,0.599,0.603,0.611,0.608,66.6747,67.2031,67.3535,67.5281,67.7387,67.8853,68.6298,68.7082,68.763,68.2374,68.9657,69.0375,69.196,69.2761,69.3133,69.3898,69.462,69.5445,69.6019,69.6526,69.6171,69.5508,69.4972,69.5342,47.1,69.4645,69.5129,69.6496,69.7095,69.7948,69.8769,70.2995,,,,,,,
190,191,Samoa,111.0,0.707,72.7675,11.4038,5307.953374,12.41885948,WSM,High,EAP,,,,,,0.659,0.668,0.67,0.674,0.678,0.683,0.69,0.689,0.694,0.698,0.701,0.703,0.708,0.709,0.7,0.713,0.713,0.709,0.71,0.711,0.716,0.717,0.716,0.716,0.715,0.712,67.6584,67.8814,68.3855,68.7009,68.9795,69.2984,69.5877,69.8746,70.1711,70.4564,70.7458,71.0186,71.2761,71.4959,71.6959,71.7545,72.021,72.0997,72.1546,70.0663,72.2488,72.2598,72.1668,72.3915,61.4,72.4628,72.5146,72.5397,72.59,72.6358,72.1572,72.7677,11.9216,11.9328,11.944,11.9551,11.9663,11.9775,11.9888
191,192,Yemen,183.0,0.455,63.7534,3.2,1314.270189,9.09871006,YEM,Low,AS,0.383,0.386,0.391,0.397,0.399,0.409,0.419,0.427,0.435,0.441,0.45,0.46,0.468,0.476,0.483,0.489,0.494,0.498,0.501,0.506,0.51,0.509,0.512,0.513,0.505,0.477,0.467,0.459,0.459,0.461,0.46,58.6994,59.049,59.4283,59.8595,59.7135,60.4532,60.5678,61.1193,61.3748,61.9752,62.588,63.2222,63.9062,64.5411,65.0059,65.543,65.9877,66.5653,66.9629,67.1964,67.28,67.4194,67.3429,67.5451,45.2,67.3842,65.8734,66.0641,65.9573,64.5751,65.0917,64.6501,6.45082695,6.593797129,6.739935968,6.889313694,7.042002089,7.19807453,7.357606016
192,193,South Africa,109.0,0.713,62.341,11.37316036,12948.37325,13.64371014,ZAF,High,SSA,0.632,0.641,0.647,0.652,0.658,0.661,0.656,0.651,0.644,0.638,0.633,0.629,0.633,0.629,0.63,0.632,0.637,0.644,0.653,0.665,0.675,0.686,0.696,0.704,0.712,0.716,0.719,0.72,0.726,0.736,0.727,63.3753,63.2649,63.3414,63.0447,62.6118,62.2616,61.4593,60.8053,60.0008,59.2408,58.4704,57.2614,55.6662,54.3308,54.043,53.9797,54.2775,54.9922,56.0222,57.4474,58.8987,60.6507,61.8457,62.5331,65.2,63.3796,63.9499,64.7469,65.402,65.6743,66.175,65.2522,11.4115696,12.00823975,12.30349636,12.59875298,12.89400959,12.92754518,12.96108076
193,194,Zambia,154.0,0.565,61.2234,7.187091494,3217.767739,10.92876021,ZMB,Medium,SSA,0.412,0.408,0.408,0.414,0.411,0.413,0.414,0.413,0.411,0.413,0.418,0.425,0.434,0.448,0.459,0.472,0.484,0.495,0.506,0.519,0.529,0.534,0.548,0.554,0.557,0.562,0.564,0.568,0.572,0.575,0.57,47.9263,47.0971,46.5119,46.2094,45.8543,45.5534,45.2326,44.9446,44.7011,44.6589,45.2312,46.0188,46.9791,48.284,49.4873,50.6591,51.7955,52.7389,53.9449,55.3004,56.7991,57.7708,58.8672,59.8777,44.6,60.699,61.2078,61.7937,62.1201,62.3422,62.7926,62.3803,7.529059887,7.611791849,7.694523811,7.777255774,7.859987736,7.942719698,8.02545166
194,195,Zimbabwe,146.0,0.593,59.2531,8.710908501,3809.887158,12.11096904,ZWE,Medium,SSA,0.509,0.512,0.498,0.491,0.486,0.477,0.476,0.472,0.466,0.457,0.452,0.441,0.452,0.439,0.446,0.448,0.452,0.454,0.454,0.486,0.512,0.535,0.557,0.567,0.576,0.582,0.588,0.594,0.602,0.601,0.6,59.4264,58.0911,56.4354,54.4264,52.5878,50.531,48.9551,47.9933,46.8192,45.2056,44.6864,41.9572,44.5654,43.3926,44.5023,44.7677,45.3635,45.6102,46.7232,48.0625,50.6523,53.347,55.6263,57.4577,54.2,58.846,59.5911,60.3059,60.7095,61.4141,61.2925,61.1242,9.767649651,10.32256985,9.997790337,10.03462315,10.07145596,10.10828876,10.14512157
